tweet_id,tweet_class,,,,,,,,,,,,,,,,,,,,,,,,,
1.28664E+18,FALSE,,,,,,,,,,,,,,,,,,,,,,,,,
1.26508E+18,partially false,,,,,,,,,,,,,,,,,,,,,,,,,
1.27065E+18,FALSE,,,,,,,,,,,,,,,,,,,,,,,,,
1.25242E+18,FALSE,,,,,,,,,,,,,,,,,,,,,,,,29,3
1.25376E+18,FALSE,,,,,,,,,,,,,,,,,,,,,,,,21,8
1.23778E+18,unproven,,,,,,,,,,,,,,,,,,,,,,,,,
1.27008E+18,FALSE,,,,,,,,,,,,,,,,,,,,,,,,,
1.27008E+18,FALSE,,,,,,,,,,,,,,,,,,,,,,,,,
1.27805E+18,partially false,,,,,,,,,,,,,,,,,,,,,,,,,
1.25516E+18,FALSE,,,,,,,,,,,,,,,,,,,,,,,,,
1.27627E+18,FALSE,,,,,,,,,,,,,,,,,,,,,,,,,
1.27009E+18,FALSE,,,,,,,,,,,,,,,,,,,,,,,,,
1.25029E+18,FALSE,,,,,,,,,,,,,,,,,,,,,,,,,
1.24258E+18,FALSE,,,,,,,,,,,,,,,,,,,,,,,,,
1.27619E+18,partially false,,,,,,,,,,,,,,,,,,,,,,,,,
1.27397E+18,partially false,,,,,,,,,,,,,,,,,,,,,,,,,
1.26282E+18,partially false,,,,,,,,,,,,,,,,,,,,,,,,,
1.2632E+18,FALSE,,,,,,,,,,,,,,,,,,,,,,,,,
1.27077E+18,FALSE,,,,,,,,,,,,,,,,,,,,,,,,,
5.39902E+17,FALSE,,,,,,,,,,,,,,,,,,,,,,,,,
1.29403E+18,partially false,,,,,,,,,,,,,,,,,,,,,,,,,
1.27157E+18,FALSE,,,,,,,,,,,,,,,,,,,,,,,,,
1.27629E+18,FALSE,,,,,,,,,,,,,,,,,,,,,,,,,
1.29319E+18,partially false,,,,,,,,,,,,,,,,,,,,,,,,,
1.27049E+18,FALSE,,,,,,,,,,,,,,,,,,,,,,,,,
1.27196E+18,FALSE,,,,,,,,,,,,,,,,,,,,,,,,,
1.27779E+18,partially false,,,,,,,,,,,,,,,,,,,,,,,,,
1.29186E+18,partially false,,,,,,,,,,,,,,,,,,,,,,,,,
1.27113E+18,FALSE,,,,,,,,,,,,,,,,,,,,,,,,,
1.27202E+18,FALSE,,,,,,,,,,,,,,,,,,,,,,,,,
1.27213E+18,FALSE,,,,,,,,,,,,,,,,,,,,,,,,,
1.22725E+18,FALSE,,,,,,,,,,,,,,,,,,,,,,,,,
1.28098E+18,partially false,,,,,,,,,,,,,,,,,,,,,,,,,
1.27014E+18,FALSE,,,,,,,,,,,,,,,,,,,,,,,,,
1.27627E+18,FALSE,,,,,,,,,,,,,,,,,,,,,,,,,
1.27551E+18,FALSE,,,,,,,,,,,,,,,,,,,,,,,,,
1.25939E+18,FALSE,,,,,,,,,,,,,,,,,,,,,,,,,
1.27152E+18,FALSE,,,,,,,,,,,,,,,,,,,,,,,,,
1.27155E+18,FALSE,,,,,,,,,,,,,,,,,,,,,,,,,
1.25687E+18,FALSE,,,,,,,,,,,,,,,,,,,,,,,,,
1.26328E+18,FALSE,,,,,,,,,,,,,,,,,,,,,,,,,
5.39914E+17,FALSE,,,,,,,,,,,,,,,,,,,,,,,,,
1.28449E+18,partially false,,,,,,,,,,,,,,,,,,,,,,,,,
1.2759E+18,FALSE,,,,,,,,,,,,,,,,,,,,,,,,,
1.27777E+18,FALSE,,,,,,,,,,,,,,,,,,,,,,,,,
1.27854E+18,partially false,,,,,,,,,,,,,,,,,,,,,,,,,
1.27016E+18,FALSE,,,,,,,,,,,,,,,,,,,,,,,,,
1.24363E+18,partially false,,,,,,,,,,,,,,,,,,,,,,,,,
1.25377E+18,FALSE,,,,,,,,,,,,,,,,,,,,,,,,,
1.22878E+18,FALSE,,,,,,,,,,,,,,,,,,,,,,,,,
1.26573E+18,FALSE,,,,,,,,,,,,,,,,,,,,,,,,,
1.27155E+18,FALSE,,,,,,,,,,,,,,,,,,,,,,,,,
1.26172E+18,FALSE,,,,,,,,,,,,,,,,,,,,,,,,,
1.25244E+18,FALSE,,,,,,,,,,,,,,,,,,,,,,,,,
1.24823E+18,FALSE,,,,,,,,,,,,,,,,,,,,,,,,,
1.27225E+18,FALSE,,,,,,,,,,,,,,,,,,,,,,,,,
1.27592E+18,FALSE,,,,,,,,,,,,,,,,,,,,,,,,,
1.27174E+18,partially false,,,,,,,,,,,,,,,,,,,,,,,,,
1.29423E+18,others,,,,,,,,,,,,,,,,,,,,,,,,,
1.27112E+18,FALSE,,,,,,,,,,,,,,,,,,,,,,,,,
1.27337E+18,FALSE,,,,,,,,,,,,,,,,,,,,,,,,,
1.27299E+18,FALSE,,,,,,,,,,,,,,,,,,,,,,,,,
1.25783E+18,partially false,,,,,,,,,,,,,,,,,,,,,,,,,
1.27063E+18,FALSE,,,,,,,,,,,,,,,,,,,,,,,,,
1.23778E+18,FALSE,,,,,,,,,,,,,,,,,,,,,,,,,
1.229E+18,FALSE,,,,,,,,,,,,,,,,,,,,,,,,,
1.27007E+18,FALSE,,,,,,,,,,,,,,,,,,,,,,,,,
1.27221E+18,FALSE,,,,,,,,,,,,,,,,,,,,,,,,,
1.27031E+18,FALSE,,,,,,,,,,,,,,,,,,,,,,,,,
1.28988E+18,others,,,,,,,,,,,,,,,,,,,,,,,,,
1.24787E+18,FALSE,,,,,,,,,,,,,,,,,,,,,,,,,
1.26321E+18,FALSE,,,,,,,,,,,,,,,,,,,,,,,,,
1.27253E+18,FALSE,,,,,,,,,,,,,,,,,,,,,,,,,
1.02722E+18,FALSE,,,,,,,,,,,,,,,,,,,,,,,,,
1.27209E+18,partially false,,,,,,,,,,,,,,,,,,,,,,,,,
1.28443E+18,partially false,,,,,,,,,,,,,,,,,,,,,,,,,
1.17975E+18,others,,,,,,,,,,,,,,,,,,,,,,,,,
1.27587E+18,partially false,,,,,,,,,,,,,,,,,,,,,,,,,
1.27222E+18,FALSE,,,,,,,,,,,,,,,,,,,,,,,,,
1.26325E+18,FALSE,,,,,,,,,,,,,,,,,,,,,,,,,
1.27642E+18,partially false,,,,,,,,,,,,,,,,,,,,,,,,,
1.26174E+18,FALSE,,,,,,,,,,,,,,,,,,,,,,,,,
1.27825E+18,partially false,,,,,,,,,,,,,,,,,,,,,,,,,
1.27094E+18,FALSE,,,,,,,,,,,,,,,,,,,,,,,,,
1.25837E+18,FALSE,,,,,,,,,,,,,,,,,,,,,,,,,
1.24323E+18,FALSE,,,,,,,,,,,,,,,,,,,,,,,,,
1.27111E+18,partially false,,,,,,,,,,,,,,,,,,,,,,,,,
1.26571E+18,FALSE,,,,,,,,,,,,,,,,,,,,,,,,,
1.23522E+18,partially false,,,,,,,,,,,,,,,,,,,,,,,,,
1.27582E+18,FALSE,,,,,,,,,,,,,,,,,,,,,,,,,
1.22725E+18,FALSE,,,,,,,,,,,,,,,,,,,,,,,,,
1.27117E+18,FALSE,,,,,,,,,,,,,,,,,,,,,,,,,
1.26472E+18,FALSE,,,,,,,,,,,,,,,,,,,,,,,,,
1.27001E+18,partially false,,,,,,,,,,,,,,,,,,,,,,,,,
1.2699E+18,FALSE,,,,,,,,,,,,,,,,,,,,,,,,,
1.26548E+18,partially false,,,,,,,,,,,,,,,,,,,,,,,,,
1.26239E+18,FALSE,,,,,,,,,,,,,,,,,,,,,,,,,
1.22738E+18,FALSE,,,,,,,,,,,,,,,,,,,,,,,,,
1.28865E+18,FALSE,,,,,,,,,,,,,,,,,,,,,,,,,
1.26534E+18,FALSE,,,,,,,,,,,,,,,,,,,,,,,,,
1.26735E+18,partially false,,,,,,,,,,,,,,,,,,,,,,,,,
1.26303E+18,FALSE,,,,,,,,,,,,,,,,,,,,,,,,,
1.2934E+18,partially false,,,,,,,,,,,,,,,,,,,,,,,,,
1.26916E+18,FALSE,,,,,,,,,,,,,,,,,,,,,,,,,
1.08874E+18,FALSE,,,,,,,,,,,,,,,,,,,,,,,,,
1.22399E+18,FALSE,,,,,,,,,,,,,,,,,,,,,,,,,
1.26469E+18,FALSE,,,,,,,,,,,,,,,,,,,,,,,,,
1.26471E+18,FALSE,,,,,,,,,,,,,,,,,,,,,,,,,
1.15666E+18,FALSE,,,,,,,,,,,,,,,,,,,,,,,,,
1.27011E+18,partially false,,,,,,,,,,,,,,,,,,,,,,,,,
1.04049E+18,FALSE,,,,,,,,,,,,,,,,,,,,,,,,,
1.26937E+18,FALSE,,,,,,,,,,,,,,,,,,,,,,,,,
1.20178E+18,FALSE,,,,,,,,,,,,,,,,,,,,,,,,,
1.26517E+18,FALSE,,,,,,,,,,,,,,,,,,,,,,,,,
1.27806E+18,partially false,,,,,,,,,,,,,,,,,,,,,,,,,
1.27906E+18,FALSE,,,,,,,,,,,,,,,,,,,,,,,,,
1.26849E+18,FALSE,,,,,,,,,,,,,,,,,,,,,,,,,
1.26518E+18,partially false,,,,,,,,,,,,,,,,,,,,,,,,,
1.26562E+18,partially false,,,,,,,,,,,,,,,,,,,,,,,,,
1.26551E+18,partially false,,,,,,,,,,,,,,,,,,,,,,,,,
1.26311E+18,partially false,,,,,,,,,,,,,,,,,,,,,,,,,
1.25792E+18,FALSE,,,,,,,,,,,,,,,,,,,,,,,,,
1.21775E+18,partially false,,,,,,,,,,,,,,,,,,,,,,,,,
1.29359E+18,FALSE,,,,,,,,,,,,,,,,,,,,,,,,,
1.26359E+18,FALSE,,,,,,,,,,,,,,,,,,,,,,,,,
1.26471E+18,FALSE,,,,,,,,,,,,,,,,,,,,,,,,,
1.26854E+18,FALSE,,,,,,,,,,,,,,,,,,,,,,,,,
1.29318E+18,partially false,,,,,,,,,,,,,,,,,,,,,,,,,
1.27009E+18,partially false,,,,,,,,,,,,,,,,,,,,,,,,,
1.0888E+18,FALSE,,,,,,,,,,,,,,,,,,,,,,,,,
1.26548E+18,partially false,,,,,,,,,,,,,,,,,,,,,,,,,
1.25844E+18,FALSE,,,,,,,,,,,,,,,,,,,,,,,,,
1.27601E+18,FALSE,,,,,,,,,,,,,,,,,,,,,,,,,
1.25695E+18,FALSE,,,,,,,,,,,,,,,,,,,,,,,,,
1.2759E+18,FALSE,,,,,,,,,,,,,,,,,,,,,,,,,
1.26493E+18,FALSE,,,,,,,,,,,,,,,,,,,,,,,,,
1.26789E+18,FALSE,,,,,,,,,,,,,,,,,,,,,,,,,
1.16932E+18,FALSE,,,,,,,,,,,,,,,,,,,,,,,,,
1.2218E+18,FALSE,,,,,,,,,,,,,,,,,,,,,,,,,
1.02566E+18,FALSE,,,,,,,,,,,,,,,,,,,,,,,,,
1.26914E+18,FALSE,,,,,,,,,,,,,,,,,,,,,,,,,
1.26629E+18,FALSE,,,,,,,,,,,,,,,,,,,,,,,,,
1.27035E+18,partially false,,,,,,,,,,,,,,,,,,,,,,,,,
1.23917E+18,FALSE,,,,,,,,,,,,,,,,,,,,,,,,,
1.24932E+18,partially false,,,,,,,,,,,,,,,,,,,,,,,,,
1.26006E+18,FALSE,,,,,,,,,,,,,,,,,,,,,,,,,
1.27528E+18,FALSE,,,,,,,,,,,,,,,,,,,,,,,,,
1.25983E+18,FALSE,,,,,,,,,,,,,,,,,,,,,,,,,
1.26863E+18,partially false,,,,,,,,,,,,,,,,,,,,,,,,,
1.23923E+18,FALSE,,,,,,,,,,,,,,,,,,,,,,,,,
1.26565E+18,FALSE,,,,,,,,,,,,,,,,,,,,,,,,,
1.26458E+18,FALSE,,,,,,,,,,,,,,,,,,,,,,,,,
1.26791E+18,partially false,,,,,,,,,,,,,,,,,,,,,,,,,
1.26523E+18,FALSE,,,,,,,,,,,,,,,,,,,,,,,,,
1.26323E+18,FALSE,,,,,,,,,,,,,,,,,,,,,,,,,
1.26364E+18,FALSE,,,,,,,,,,,,,,,,,,,,,,,,,
1.21775E+18,partially false,,,,,,,,,,,,,,,,,,,,,,,,,
1.2635E+18,FALSE,,,,,,,,,,,,,,,,,,,,,,,,,
1.26258E+18,FALSE,,,,,,,,,,,,,,,,,,,,,,,,,
1.24211E+18,FALSE,,,,,,,,,,,,,,,,,,,,,,,,,
1.28954E+18,unproven,,,,,,,,,,,,,,,,,,,,,,,,,
1.26527E+18,FALSE,,,,,,,,,,,,,,,,,,,,,,,,,
1.26895E+18,FALSE,,,,,,,,,,,,,,,,,,,,,,,,,
1.24362E+18,FALSE,,,,,,,,,,,,,,,,,,,,,,,,,
1.26337E+18,FALSE,,,,,,,,,,,,,,,,,,,,,,,,,
1.25559E+18,FALSE,,,,,,,,,,,,,,,,,,,,,,,,,
1.26599E+18,FALSE,,,,,,,,,,,,,,,,,,,,,,,,,
1.26325E+18,FALSE,,,,,,,,,,,,,,,,,,,,,,,,,
1.2936E+18,FALSE,,,,,,,,,,,,,,,,,,,,,,,,,
1.26105E+18,FALSE,,,,,,,,,,,,,,,,,,,,,,,,,
1.22738E+18,FALSE,,,,,,,,,,,,,,,,,,,,,,,,,
1.26493E+18,FALSE,,,,,,,,,,,,,,,,,,,,,,,,,
1.26621E+18,FALSE,,,,,,,,,,,,,,,,,,,,,,,,,
1.17179E+18,FALSE,,,,,,,,,,,,,,,,,,,,,,,,,
1.26452E+18,FALSE,,,,,,,,,,,,,,,,,,,,,,,,,
1.2686E+18,FALSE,,,,,,,,,,,,,,,,,,,,,,,,,
1.26889E+18,FALSE,,,,,,,,,,,,,,,,,,,,,,,,,
1.26336E+18,FALSE,,,,,,,,,,,,,,,,,,,,,,,,,
1.26493E+18,FALSE,,,,,,,,,,,,,,,,,,,,,,,,,
1.2674E+18,FALSE,,,,,,,,,,,,,,,,,,,,,,,,,
1.26515E+18,FALSE,,,,,,,,,,,,,,,,,,,,,,,,,
1.26989E+18,FALSE,,,,,,,,,,,,,,,,,,,,,,,,,
1.2565E+18,partially false,,,,,,,,,,,,,,,,,,,,,,,,,
1.26555E+18,FALSE,,,,,,,,,,,,,,,,,,,,,,,,,
1.26525E+18,partially false,,,,,,,,,,,,,,,,,,,,,,,,,
1.26472E+18,FALSE,,,,,,,,,,,,,,,,,,,,,,,,,
1.2914E+18,partially false,,,,,,,,,,,,,,,,,,,,,,,,,
1.25432E+18,FALSE,,,,,,,,,,,,,,,,,,,,,,,,,
1.18503E+18,FALSE,,,,,,,,,,,,,,,,,,,,,,,,,
1.26463E+18,FALSE,,,,,,,,,,,,,,,,,,,,,,,,,
1.26272E+18,partially false,,,,,,,,,,,,,,,,,,,,,,,,,
1.10109E+18,FALSE,,,,,,,,,,,,,,,,,,,,,,,,,
1.24098E+18,FALSE,,,,,,,,,,,,,,,,,,,,,,,,,
1.26528E+18,partially false,,,,,,,,,,,,,,,,,,,,,,,,,
1.265E+18,FALSE,,,,,,,,,,,,,,,,,,,,,,,,,
1.26238E+18,partially false,,,,,,,,,,,,,,,,,,,,,,,,,
1.26545E+18,partially false,,,,,,,,,,,,,,,,,,,,,,,,,
1.26317E+18,FALSE,,,,,,,,,,,,,,,,,,,,,,,,,
1.26239E+18,partially false,,,,,,,,,,,,,,,,,,,,,,,,,
1.26235E+18,FALSE,,,,,,,,,,,,,,,,,,,,,,,,,
1.18425E+18,FALSE,,,,,,,,,,,,,,,,,,,,,,,,,
5.87827E+17,FALSE,,,,,,,,,,,,,,,,,,,,,,,,,
1.25555E+18,FALSE,,,,,,,,,,,,,,,,,,,,,,,,,
1.29298E+18,FALSE,,,,,,,,,,,,,,,,,,,,,,,,,
1.26275E+18,FALSE,,,,,,,,,,,,,,,,,,,,,,,,,
1.26315E+18,FALSE,,,,,,,,,,,,,,,,,,,,,,,,,
1.26453E+18,FALSE,,,,,,,,,,,,,,,,,,,,,,,,,
1.23777E+18,FALSE,,,,,,,,,,,,,,,,,,,,,,,,,
1.26152E+18,FALSE,,,,,,,,,,,,,,,,,,,,,,,,,
1.25264E+18,FALSE,,,,,,,,,,,,,,,,,,,,,,,,,
1.2606E+18,FALSE,,,,,,,,,,,,,,,,,,,,,,,,,
1.26494E+18,partially false,,,,,,,,,,,,,,,,,,,,,,,,,
1.26172E+18,FALSE,,,,,,,,,,,,,,,,,,,,,,,,,
1.26009E+18,FALSE,,,,,,,,,,,,,,,,,,,,,,,,,
1.26015E+18,FALSE,,,,,,,,,,,,,,,,,,,,,,,,,
1.292E+18,FALSE,,,,,,,,,,,,,,,,,,,,,,,,,
1.29466E+18,FALSE,,,,,,,,,,,,,,,,,,,,,,,,,
1.23374E+18,FALSE,,,,,,,,,,,,,,,,,,,,,,,,,
1.26167E+18,FALSE,,,,,,,,,,,,,,,,,,,,,,,,,
1.26102E+18,FALSE,,,,,,,,,,,,,,,,,,,,,,,,,
1.25052E+18,partially false,,,,,,,,,,,,,,,,,,,,,,,,,
1.25448E+18,FALSE,,,,,,,,,,,,,,,,,,,,,,,,,
1.26237E+18,FALSE,,,,,,,,,,,,,,,,,,,,,,,,,
1.26278E+18,FALSE,,,,,,,,,,,,,,,,,,,,,,,,,
1.22692E+18,FALSE,,,,,,,,,,,,,,,,,,,,,,,,,
1.25048E+18,FALSE,,,,,,,,,,,,,,,,,,,,,,,,,
1.25845E+18,FALSE,,,,,,,,,,,,,,,,,,,,,,,,,
1.26353E+18,FALSE,,,,,,,,,,,,,,,,,,,,,,,,,
1.25834E+18,FALSE,,,,,,,,,,,,,,,,,,,,,,,,,
1.26029E+18,FALSE,,,,,,,,,,,,,,,,,,,,,,,,,
1.26526E+18,FALSE,,,,,,,,,,,,,,,,,,,,,,,,,
1.26176E+18,FALSE,,,,,,,,,,,,,,,,,,,,,,,,,
1.26346E+18,FALSE,,,,,,,,,,,,,,,,,,,,,,,,,
1.29184E+18,FALSE,,,,,,,,,,,,,,,,,,,,,,,,,
1.26064E+18,FALSE,,,,,,,,,,,,,,,,,,,,,,,,,
1.26384E+18,FALSE,,,,,,,,,,,,,,,,,,,,,,,,,
1.25975E+18,partially false,,,,,,,,,,,,,,,,,,,,,,,,,
1.26471E+18,FALSE,,,,,,,,,,,,,,,,,,,,,,,,,
1.24503E+18,FALSE,,,,,,,,,,,,,,,,,,,,,,,,,
1.22885E+18,partially false,,,,,,,,,,,,,,,,,,,,,,,,,
1.26041E+18,FALSE,,,,,,,,,,,,,,,,,,,,,,,,,
1.26163E+18,partially false,,,,,,,,,,,,,,,,,,,,,,,,,
1.06814E+18,partially false,,,,,,,,,,,,,,,,,,,,,,,,,
1.25869E+18,FALSE,,,,,,,,,,,,,,,,,,,,,,,,,
1.25517E+18,FALSE,,,,,,,,,,,,,,,,,,,,,,,,,
1.25448E+18,FALSE,,,,,,,,,,,,,,,,,,,,,,,,,
1.2593E+18,FALSE,,,,,,,,,,,,,,,,,,,,,,,,,
1.2597E+18,FALSE,,,,,,,,,,,,,,,,,,,,,,,,,
1.29299E+18,FALSE,,,,,,,,,,,,,,,,,,,,,,,,,
1.29315E+18,FALSE,,,,,,,,,,,,,,,,,,,,,,,,,
1.26345E+18,FALSE,,,,,,,,,,,,,,,,,,,,,,,,,
1.26314E+18,FALSE,,,,,,,,,,,,,,,,,,,,,,,,,
1.26346E+18,partially false,,,,,,,,,,,,,,,,,,,,,,,,,
1.24329E+18,FALSE,,,,,,,,,,,,,,,,,,,,,,,,,
1.29295E+18,FALSE,,,,,,,,,,,,,,,,,,,,,,,,,
1.25198E+18,FALSE,,,,,,,,,,,,,,,,,,,,,,,,,
1.2929E+18,FALSE,,,,,,,,,,,,,,,,,,,,,,,,,
1.26235E+18,FALSE,,,,,,,,,,,,,,,,,,,,,,,,,
1.26206E+18,FALSE,,,,,,,,,,,,,,,,,,,,,,,,,
1.25117E+18,FALSE,,,,,,,,,,,,,,,,,,,,,,,,,
1.24182E+18,FALSE,,,,,,,,,,,,,,,,,,,,,,,,,
1.21785E+18,FALSE,,,,,,,,,,,,,,,,,,,,,,,,,
1.26505E+18,partially false,,,,,,,,,,,,,,,,,,,,,,,,,
1.26321E+18,FALSE,,,,,,,,,,,,,,,,,,,,,,,,,
1.26273E+18,partially false,,,,,,,,,,,,,,,,,,,,,,,,,
1.25845E+18,FALSE,,,,,,,,,,,,,,,,,,,,,,,,,
1.26343E+18,FALSE,,,,,,,,,,,,,,,,,,,,,,,,,
1.29317E+18,partially false,,,,,,,,,,,,,,,,,,,,,,,,,
1.25117E+18,FALSE,,,,,,,,,,,,,,,,,,,,,,,,,
1.22727E+18,FALSE,,,,,,,,,,,,,,,,,,,,,,,,,
1.25117E+18,FALSE,,,,,,,,,,,,,,,,,,,,,,,,,
1.26197E+18,FALSE,,,,,,,,,,,,,,,,,,,,,,,,,
1.26507E+18,partially false,,,,,,,,,,,,,,,,,,,,,,,,,
1.24932E+18,FALSE,,,,,,,,,,,,,,,,,,,,,,,,,
1.26213E+18,FALSE,,,,,,,,,,,,,,,,,,,,,,,,,
1.26346E+18,FALSE,,,,,,,,,,,,,,,,,,,,,,,,,
1.26481E+18,FALSE,,,,,,,,,,,,,,,,,,,,,,,,,
1.26319E+18,FALSE,,,,,,,,,,,,,,,,,,,,,,,,,
1.26499E+18,FALSE,,,,,,,,,,,,,,,,,,,,,,,,,
1.26388E+18,FALSE,,,,,,,,,,,,,,,,,,,,,,,,,
1.25545E+18,FALSE,,,,,,,,,,,,,,,,,,,,,,,,,
1.2614E+18,partially false,,,,,,,,,,,,,,,,,,,,,,,,,
1.26347E+18,FALSE,,,,,,,,,,,,,,,,,,,,,,,,,
1.26027E+18,FALSE,,,,,,,,,,,,,,,,,,,,,,,,,
1.28931E+18,FALSE,,,,,,,,,,,,,,,,,,,,,,,,,
1.26011E+18,partially false,,,,,,,,,,,,,,,,,,,,,,,,,
1.26146E+18,FALSE,,,,,,,,,,,,,,,,,,,,,,,,,
1.25967E+18,FALSE,,,,,,,,,,,,,,,,,,,,,,,,,
1.23601E+18,FALSE,,,,,,,,,,,,,,,,,,,,,,,,,
1.24041E+18,FALSE,,,,,,,,,,,,,,,,,,,,,,,,,
1.25878E+18,FALSE,,,,,,,,,,,,,,,,,,,,,,,,,
1.25902E+18,FALSE,,,,,,,,,,,,,,,,,,,,,,,,,
1.29227E+18,partially false,,,,,,,,,,,,,,,,,,,,,,,,,
1.24775E+18,FALSE,,,,,,,,,,,,,,,,,,,,,,,,,
1.25954E+18,FALSE,,,,,,,,,,,,,,,,,,,,,,,,,
1.23919E+18,FALSE,,,,,,,,,,,,,,,,,,,,,,,,,
1.24621E+18,FALSE,,,,,,,,,,,,,,,,,,,,,,,,,
1.25882E+18,FALSE,,,,,,,,,,,,,,,,,,,,,,,,,
1.26001E+18,FALSE,,,,,,,,,,,,,,,,,,,,,,,,,
1.29199E+18,FALSE,,,,,,,,,,,,,,,,,,,,,,,,,
1.25652E+18,FALSE,,,,,,,,,,,,,,,,,,,,,,,,,
1.24226E+18,FALSE,,,,,,,,,,,,,,,,,,,,,,,,,
1.26017E+18,FALSE,,,,,,,,,,,,,,,,,,,,,,,,,
1.26022E+18,FALSE,,,,,,,,,,,,,,,,,,,,,,,,,
1.2559E+18,FALSE,,,,,,,,,,,,,,,,,,,,,,,,,
1.04308E+18,FALSE,,,,,,,,,,,,,,,,,,,,,,,,,
1.25663E+18,FALSE,,,,,,,,,,,,,,,,,,,,,,,,,
1.25513E+18,FALSE,,,,,,,,,,,,,,,,,,,,,,,,,
1.23556E+18,FALSE,,,,,,,,,,,,,,,,,,,,,,,,,
1.25809E+18,FALSE,,,,,,,,,,,,,,,,,,,,,,,,,
1.24533E+18,FALSE,,,,,,,,,,,,,,,,,,,,,,,,,
1.25989E+18,FALSE,,,,,,,,,,,,,,,,,,,,,,,,,
1.25225E+18,FALSE,,,,,,,,,,,,,,,,,,,,,,,,,
1.25629E+18,FALSE,,,,,,,,,,,,,,,,,,,,,,,,,
1.25877E+18,FALSE,,,,,,,,,,,,,,,,,,,,,,,,,
1.24175E+18,FALSE,,,,,,,,,,,,,,,,,,,,,,,,,
1.2756E+18,FALSE,,,,,,,,,,,,,,,,,,,,,,,,,
1.26023E+18,FALSE,,,,,,,,,,,,,,,,,,,,,,,,,
1.2572E+18,FALSE,,,,,,,,,,,,,,,,,,,,,,,,,
1.26024E+18,FALSE,,,,,,,,,,,,,,,,,,,,,,,,,
1.26067E+18,FALSE,,,,,,,,,,,,,,,,,,,,,,,,,
1.26025E+18,FALSE,,,,,,,,,,,,,,,,,,,,,,,,,
1.25686E+18,FALSE,,,,,,,,,,,,,,,,,,,,,,,,,
1.25587E+18,FALSE,,,,,,,,,,,,,,,,,,,,,,,,,
1.25147E+18,FALSE,,,,,,,,,,,,,,,,,,,,,,,,,
1.25125E+18,FALSE,,,,,,,,,,,,,,,,,,,,,,,,,
1.29876E+18,FALSE,,,,,,,,,,,,,,,,,,,,,,,,,
1.2438E+18,FALSE,,,,,,,,,,,,,,,,,,,,,,,,,
1.25877E+18,FALSE,,,,,,,,,,,,,,,,,,,,,,,,,
1.26017E+18,FALSE,,,,,,,,,,,,,,,,,,,,,,,,,
1.25897E+18,FALSE,,,,,,,,,,,,,,,,,,,,,,,,,
1.26018E+18,FALSE,,,,,,,,,,,,,,,,,,,,,,,,,
1.25888E+18,FALSE,,,,,,,,,,,,,,,,,,,,,,,,,
1.25959E+18,FALSE,,,,,,,,,,,,,,,,,,,,,,,,,
1.25226E+18,partially false,,,,,,,,,,,,,,,,,,,,,,,,,
1.25895E+18,FALSE,,,,,,,,,,,,,,,,,,,,,,,,,
1.26094E+18,FALSE,,,,,,,,,,,,,,,,,,,,,,,,,
1.26107E+18,FALSE,,,,,,,,,,,,,,,,,,,,,,,,,
1.25639E+18,FALSE,,,,,,,,,,,,,,,,,,,,,,,,,
1.25956E+18,FALSE,,,,,,,,,,,,,,,,,,,,,,,,,
1.26009E+18,partially false,,,,,,,,,,,,,,,,,,,,,,,,,
1.26002E+18,partially false,,,,,,,,,,,,,,,,,,,,,,,,,
1.25872E+18,partially false,,,,,,,,,,,,,,,,,,,,,,,,,
1.26007E+18,FALSE,,,,,,,,,,,,,,,,,,,,,,,,,
1.25803E+18,FALSE,,,,,,,,,,,,,,,,,,,,,,,,,
1.2588E+18,FALSE,,,,,,,,,,,,,,,,,,,,,,,,,
1.25882E+18,FALSE,,,,,,,,,,,,,,,,,,,,,,,,,
1.25956E+18,FALSE,,,,,,,,,,,,,,,,,,,,,,,,,
1.25851E+18,FALSE,,,,,,,,,,,,,,,,,,,,,,,,,
1.25696E+18,FALSE,,,,,,,,,,,,,,,,,,,,,,,,,
1.25983E+18,FALSE,,,,,,,,,,,,,,,,,,,,,,,,,
1.26012E+18,FALSE,,,,,,,,,,,,,,,,,,,,,,,,,
1.25957E+18,FALSE,,,,,,,,,,,,,,,,,,,,,,,,,
1.24047E+18,FALSE,,,,,,,,,,,,,,,,,,,,,,,,,
1.26084E+18,FALSE,,,,,,,,,,,,,,,,,,,,,,,,,
1.2603E+18,FALSE,,,,,,,,,,,,,,,,,,,,,,,,,
1.0183E+18,FALSE,,,,,,,,,,,,,,,,,,,,,,,,,
1.26063E+18,FALSE,,,,,,,,,,,,,,,,,,,,,,,,,
9.57147E+17,FALSE,,,,,,,,,,,,,,,,,,,,,,,,,
1.23883E+18,FALSE,,,,,,,,,,,,,,,,,,,,,,,,,
1.26063E+18,FALSE,,,,,,,,,,,,,,,,,,,,,,,,,
1.26337E+18,FALSE,,,,,,,,,,,,,,,,,,,,,,,,,
1.24505E+18,FALSE,,,,,,,,,,,,,,,,,,,,,,,,,
1.26127E+18,FALSE,,,,,,,,,,,,,,,,,,,,,,,,,
1.22451E+18,FALSE,,,,,,,,,,,,,,,,,,,,,,,,,
1.29161E+18,FALSE,,,,,,,,,,,,,,,,,,,,,,,,,
1.25845E+18,FALSE,,,,,,,,,,,,,,,,,,,,,,,,,
1.28985E+18,FALSE,,,,,,,,,,,,,,,,,,,,,,,,,
1.26023E+18,FALSE,,,,,,,,,,,,,,,,,,,,,,,,,
1.25795E+18,FALSE,,,,,,,,,,,,,,,,,,,,,,,,,
1.24444E+18,partially false,,,,,,,,,,,,,,,,,,,,,,,,,
1.24859E+18,partially false,,,,,,,,,,,,,,,,,,,,,,,,,
1.25841E+18,FALSE,,,,,,,,,,,,,,,,,,,,,,,,,
1.25876E+18,FALSE,,,,,,,,,,,,,,,,,,,,,,,,,
1.2555E+18,FALSE,,,,,,,,,,,,,,,,,,,,,,,,,
1.29063E+18,FALSE,,,,,,,,,,,,,,,,,,,,,,,,,
1.25978E+18,FALSE,,,,,,,,,,,,,,,,,,,,,,,,,
1.25863E+18,FALSE,,,,,,,,,,,,,,,,,,,,,,,,,
1.23595E+18,FALSE,,,,,,,,,,,,,,,,,,,,,,,,,
1.25557E+18,FALSE,,,,,,,,,,,,,,,,,,,,,,,,,
1.26633E+18,FALSE,,,,,,,,,,,,,,,,,,,,,,,,,
9.99352E+17,FALSE,,,,,,,,,,,,,,,,,,,,,,,,,
1.29023E+18,partially false,,,,,,,,,,,,,,,,,,,,,,,,,
1.25539E+18,FALSE,,,,,,,,,,,,,,,,,,,,,,,,,
1.24447E+18,FALSE,,,,,,,,,,,,,,,,,,,,,,,,,
1.29902E+18,partially false,,,,,,,,,,,,,,,,,,,,,,,,,
1.25054E+18,FALSE,,,,,,,,,,,,,,,,,,,,,,,,,
1.26424E+18,partially false,,,,,,,,,,,,,,,,,,,,,,,,,
1.25709E+18,FALSE,,,,,,,,,,,,,,,,,,,,,,,,,
1.25733E+18,FALSE,,,,,,,,,,,,,,,,,,,,,,,,,
1.25664E+18,FALSE,,,,,,,,,,,,,,,,,,,,,,,,,
1.25547E+18,FALSE,,,,,,,,,,,,,,,,,,,,,,,,,
1.26426E+18,partially false,,,,,,,,,,,,,,,,,,,,,,,,,
1.23632E+18,FALSE,,,,,,,,,,,,,,,,,,,,,,,,,
1.25803E+18,FALSE,,,,,,,,,,,,,,,,,,,,,,,,,
1.28958E+18,FALSE,,,,,,,,,,,,,,,,,,,,,,,,,
1.25875E+18,FALSE,,,,,,,,,,,,,,,,,,,,,,,,,
1.24215E+18,FALSE,,,,,,,,,,,,,,,,,,,,,,,,,
1.26637E+18,FALSE,,,,,,,,,,,,,,,,,,,,,,,,,
1.25731E+18,FALSE,,,,,,,,,,,,,,,,,,,,,,,,,
1.25515E+18,FALSE,,,,,,,,,,,,,,,,,,,,,,,,,
1.25813E+18,FALSE,,,,,,,,,,,,,,,,,,,,,,,,,
1.25547E+18,FALSE,,,,,,,,,,,,,,,,,,,,,,,,,
1.25441E+18,FALSE,,,,,,,,,,,,,,,,,,,,,,,,,
1.25739E+18,FALSE,,,,,,,,,,,,,,,,,,,,,,,,,
1.252E+18,FALSE,,,,,,,,,,,,,,,,,,,,,,,,,
1.23277E+18,FALSE,,,,,,,,,,,,,,,,,,,,,,,,,
1.19767E+18,FALSE,,,,,,,,,,,,,,,,,,,,,,,,,
1.25695E+18,FALSE,,,,,,,,,,,,,,,,,,,,,,,,,
1.25853E+18,FALSE,,,,,,,,,,,,,,,,,,,,,,,,,
1.25413E+18,FALSE,,,,,,,,,,,,,,,,,,,,,,,,,
1.25646E+18,FALSE,,,,,,,,,,,,,,,,,,,,,,,,,
1.23958E+18,FALSE,,,,,,,,,,,,,,,,,,,,,,,,,
1.25788E+18,FALSE,,,,,,,,,,,,,,,,,,,,,,,,,
1.25592E+18,FALSE,,,,,,,,,,,,,,,,,,,,,,,,,
1.25613E+18,FALSE,,,,,,,,,,,,,,,,,,,,,,,,,
1.28963E+18,FALSE,,,,,,,,,,,,,,,,,,,,,,,,,
1.2566E+18,FALSE,,,,,,,,,,,,,,,,,,,,,,,,,
1.25904E+18,FALSE,,,,,,,,,,,,,,,,,,,,,,,,,
1.24701E+18,FALSE,,,,,,,,,,,,,,,,,,,,,,,,,
1.2581E+18,FALSE,,,,,,,,,,,,,,,,,,,,,,,,,
1.30189E+18,FALSE,,,,,,,,,,,,,,,,,,,,,,,,,
1.25816E+18,FALSE,,,,,,,,,,,,,,,,,,,,,,,,,
1.25907E+18,FALSE,,,,,,,,,,,,,,,,,,,,,,,,,
1.25856E+18,FALSE,,,,,,,,,,,,,,,,,,,,,,,,,
1.25861E+18,FALSE,,,,,,,,,,,,,,,,,,,,,,,,,
1.25504E+18,FALSE,,,,,,,,,,,,,,,,,,,,,,,,,
1.25837E+18,FALSE,,,,,,,,,,,,,,,,,,,,,,,,,
1.05226E+18,FALSE,,,,,,,,,,,,,,,,,,,,,,,,,
1.26324E+18,partially false,,,,,,,,,,,,,,,,,,,,,,,,,
1.17711E+18,FALSE,,,,,,,,,,,,,,,,,,,,,,,,,
1.25289E+18,FALSE,,,,,,,,,,,,,,,,,,,,,,,,,
1.25436E+18,FALSE,,,,,,,,,,,,,,,,,,,,,,,,,
1.25669E+18,FALSE,,,,,,,,,,,,,,,,,,,,,,,,,
1.30028E+18,FALSE,,,,,,,,,,,,,,,,,,,,,,,,,
1.22373E+18,FALSE,,,,,,,,,,,,,,,,,,,,,,,,,
1.21704E+18,partially false,,,,,,,,,,,,,,,,,,,,,,,,,
1.25659E+18,FALSE,,,,,,,,,,,,,,,,,,,,,,,,,
1.25709E+18,FALSE,,,,,,,,,,,,,,,,,,,,,,,,,
1.25685E+18,FALSE,,,,,,,,,,,,,,,,,,,,,,,,,
1.25664E+18,FALSE,,,,,,,,,,,,,,,,,,,,,,,,,
1.26526E+18,partially false,,,,,,,,,,,,,,,,,,,,,,,,,
1.29899E+18,partially false,,,,,,,,,,,,,,,,,,,,,,,,,
1.24239E+18,FALSE,,,,,,,,,,,,,,,,,,,,,,,,,
1.25878E+18,FALSE,,,,,,,,,,,,,,,,,,,,,,,,,
1.24168E+18,partially false,,,,,,,,,,,,,,,,,,,,,,,,,
1.25776E+18,FALSE,,,,,,,,,,,,,,,,,,,,,,,,,
1.26555E+18,partially false,,,,,,,,,,,,,,,,,,,,,,,,,
1.24751E+18,FALSE,,,,,,,,,,,,,,,,,,,,,,,,,
1.25726E+18,FALSE,,,,,,,,,,,,,,,,,,,,,,,,,
1.25358E+18,FALSE,,,,,,,,,,,,,,,,,,,,,,,,,
1.25753E+18,FALSE,,,,,,,,,,,,,,,,,,,,,,,,,
1.23959E+18,FALSE,,,,,,,,,,,,,,,,,,,,,,,,,
1.25415E+18,FALSE,,,,,,,,,,,,,,,,,,,,,,,,,
1.24137E+18,FALSE,,,,,,,,,,,,,,,,,,,,,,,,,
1.25698E+18,FALSE,,,,,,,,,,,,,,,,,,,,,,,,,
1.25664E+18,FALSE,,,,,,,,,,,,,,,,,,,,,,,,,
1.25824E+18,partially false,,,,,,,,,,,,,,,,,,,,,,,,,
1.25717E+18,FALSE,,,,,,,,,,,,,,,,,,,,,,,,,
1.24684E+18,FALSE,,,,,,,,,,,,,,,,,,,,,,,,,
1.25811E+18,FALSE,,,,,,,,,,,,,,,,,,,,,,,,,
1.2571E+18,FALSE,,,,,,,,,,,,,,,,,,,,,,,,,
1.26391E+18,partially false,,,,,,,,,,,,,,,,,,,,,,,,,
1.25006E+18,FALSE,,,,,,,,,,,,,,,,,,,,,,,,,
1.30012E+18,FALSE,,,,,,,,,,,,,,,,,,,,,,,,,
1.252E+18,FALSE,,,,,,,,,,,,,,,,,,,,,,,,,
1.26827E+18,FALSE,,,,,,,,,,,,,,,,,,,,,,,,,
1.25443E+18,FALSE,,,,,,,,,,,,,,,,,,,,,,,,,
1.2435E+18,FALSE,,,,,,,,,,,,,,,,,,,,,,,,,
1.25287E+18,FALSE,,,,,,,,,,,,,,,,,,,,,,,,,
1.25863E+18,FALSE,,,,,,,,,,,,,,,,,,,,,,,,,
1.2569E+18,FALSE,,,,,,,,,,,,,,,,,,,,,,,,,
1.29902E+18,partially false,,,,,,,,,,,,,,,,,,,,,,,,,
1.29898E+18,partially false,,,,,,,,,,,,,,,,,,,,,,,,,
1.25383E+18,FALSE,,,,,,,,,,,,,,,,,,,,,,,,,
1.25451E+18,FALSE,,,,,,,,,,,,,,,,,,,,,,,,,
1.25412E+18,FALSE,,,,,,,,,,,,,,,,,,,,,,,,,
1.25361E+18,FALSE,,,,,,,,,,,,,,,,,,,,,,,,,
1.25429E+18,FALSE,,,,,,,,,,,,,,,,,,,,,,,,,
1.24207E+18,partially false,,,,,,,,,,,,,,,,,,,,,,,,,
1.25411E+18,FALSE,,,,,,,,,,,,,,,,,,,,,,,,,
1.06821E+18,FALSE,,,,,,,,,,,,,,,,,,,,,,,,,
1.25293E+18,FALSE,,,,,,,,,,,,,,,,,,,,,,,,,
1.25406E+18,FALSE,,,,,,,,,,,,,,,,,,,,,,,,,
1.25231E+18,FALSE,,,,,,,,,,,,,,,,,,,,,,,,,
1.25372E+18,FALSE,,,,,,,,,,,,,,,,,,,,,,,,,
1.25444E+18,FALSE,,,,,,,,,,,,,,,,,,,,,,,,,
1.23968E+18,FALSE,,,,,,,,,,,,,,,,,,,,,,,,,
1.25233E+18,partially false,,,,,,,,,,,,,,,,,,,,,,,,,
1.25294E+18,FALSE,,,,,,,,,,,,,,,,,,,,,,,,,
1.25565E+18,FALSE,,,,,,,,,,,,,,,,,,,,,,,,,
1.2535E+18,FALSE,,,,,,,,,,,,,,,,,,,,,,,,,
1.25378E+18,FALSE,,,,,,,,,,,,,,,,,,,,,,,,,
1.24031E+18,FALSE,,,,,,,,,,,,,,,,,,,,,,,,,
1.28675E+18,FALSE,,,,,,,,,,,,,,,,,,,,,,,,,
1.06828E+18,FALSE,,,,,,,,,,,,,,,,,,,,,,,,,
1.24226E+18,FALSE,,,,,,,,,,,,,,,,,,,,,,,,,
1.24577E+18,FALSE,,,,,,,,,,,,,,,,,,,,,,,,,
1.25448E+18,FALSE,,,,,,,,,,,,,,,,,,,,,,,,,
1.25267E+18,FALSE,,,,,,,,,,,,,,,,,,,,,,,,,
1.2394E+18,FALSE,,,,,,,,,,,,,,,,,,,,,,,,,
1.2475E+18,FALSE,,,,,,,,,,,,,,,,,,,,,,,,,
1.25427E+18,FALSE,,,,,,,,,,,,,,,,,,,,,,,,,
1.2545E+18,partially false,,,,,,,,,,,,,,,,,,,,,,,,,
1.28775E+18,FALSE,,,,,,,,,,,,,,,,,,,,,,,,,
1.25293E+18,FALSE,,,,,,,,,,,,,,,,,,,,,,,,,
1.25193E+18,partially false,,,,,,,,,,,,,,,,,,,,,,,,,
1.25495E+18,FALSE,,,,,,,,,,,,,,,,,,,,,,,,,
1.25736E+18,FALSE,,,,,,,,,,,,,,,,,,,,,,,,,
1.28954E+18,FALSE,,,,,,,,,,,,,,,,,,,,,,,,,
1.24385E+18,FALSE,,,,,,,,,,,,,,,,,,,,,,,,,
1.25118E+18,unproven,,,,,,,,,,,,,,,,,,,,,,,,,
1.24134E+18,FALSE,,,,,,,,,,,,,,,,,,,,,,,,,
1.25277E+18,FALSE,,,,,,,,,,,,,,,,,,,,,,,,,
1.25467E+18,FALSE,,,,,,,,,,,,,,,,,,,,,,,,,
1.25411E+18,FALSE,,,,,,,,,,,,,,,,,,,,,,,,,
1.24208E+18,partially false,,,,,,,,,,,,,,,,,,,,,,,,,
1.25038E+18,FALSE,,,,,,,,,,,,,,,,,,,,,,,,,
1.24795E+18,FALSE,,,,,,,,,,,,,,,,,,,,,,,,,
1.25433E+18,FALSE,,,,,,,,,,,,,,,,,,,,,,,,,
1.24575E+18,FALSE,,,,,,,,,,,,,,,,,,,,,,,,,
1.25766E+18,FALSE,,,,,,,,,,,,,,,,,,,,,,,,,
1.25202E+18,FALSE,,,,,,,,,,,,,,,,,,,,,,,,,
1.24615E+18,FALSE,,,,,,,,,,,,,,,,,,,,,,,,,
1.25096E+18,unproven,,,,,,,,,,,,,,,,,,,,,,,,,
1.24577E+18,FALSE,,,,,,,,,,,,,,,,,,,,,,,,,
1.24785E+18,FALSE,,,,,,,,,,,,,,,,,,,,,,,,,
1.24135E+18,FALSE,,,,,,,,,,,,,,,,,,,,,,,,,
1.24637E+18,FALSE,,,,,,,,,,,,,,,,,,,,,,,,,
1.25432E+18,FALSE,,,,,,,,,,,,,,,,,,,,,,,,,
1.25696E+18,FALSE,,,,,,,,,,,,,,,,,,,,,,,,,
1.25119E+18,FALSE,,,,,,,,,,,,,,,,,,,,,,,,,
1.25535E+18,FALSE,,,,,,,,,,,,,,,,,,,,,,,,,
1.25228E+18,FALSE,,,,,,,,,,,,,,,,,,,,,,,,,
1.2548E+18,partially false,,,,,,,,,,,,,,,,,,,,,,,,,
1.25327E+18,FALSE,,,,,,,,,,,,,,,,,,,,,,,,,
1.25041E+18,FALSE,,,,,,,,,,,,,,,,,,,,,,,,,
1.24755E+18,FALSE,,,,,,,,,,,,,,,,,,,,,,,,,
1.25509E+18,FALSE,,,,,,,,,,,,,,,,,,,,,,,,,
1.25255E+18,FALSE,,,,,,,,,,,,,,,,,,,,,,,,,
1.24838E+18,FALSE,,,,,,,,,,,,,,,,,,,,,,,,,
1.25475E+18,FALSE,,,,,,,,,,,,,,,,,,,,,,,,,
1.24166E+18,partially false,,,,,,,,,,,,,,,,,,,,,,,,,
1.25108E+18,FALSE,,,,,,,,,,,,,,,,,,,,,,,,,
1.25448E+18,partially false,,,,,,,,,,,,,,,,,,,,,,,,,
1.25349E+18,FALSE,,,,,,,,,,,,,,,,,,,,,,,,,
1.25534E+18,FALSE,,,,,,,,,,,,,,,,,,,,,,,,,
1.25288E+18,partially false,,,,,,,,,,,,,,,,,,,,,,,,,
1.25427E+18,FALSE,,,,,,,,,,,,,,,,,,,,,,,,,
1.24751E+18,FALSE,,,,,,,,,,,,,,,,,,,,,,,,,
1.25436E+18,FALSE,,,,,,,,,,,,,,,,,,,,,,,,,
1.25453E+18,FALSE,,,,,,,,,,,,,,,,,,,,,,,,,
1.15478E+18,FALSE,,,,,,,,,,,,,,,,,,,,,,,,,
1.25561E+18,FALSE,,,,,,,,,,,,,,,,,,,,,,,,,
1.25438E+18,FALSE,,,,,,,,,,,,,,,,,,,,,,,,,
1.28008E+18,FALSE,,,,,,,,,,,,,,,,,,,,,,,,,
1.25295E+18,FALSE,,,,,,,,,,,,,,,,,,,,,,,,,
1.25441E+18,FALSE,,,,,,,,,,,,,,,,,,,,,,,,,
1.25447E+18,FALSE,,,,,,,,,,,,,,,,,,,,,,,,,
1.23591E+18,FALSE,,,,,,,,,,,,,,,,,,,,,,,,,
1.25317E+18,FALSE,,,,,,,,,,,,,,,,,,,,,,,,,
1.25293E+18,FALSE,,,,,,,,,,,,,,,,,,,,,,,,,
1.2518E+18,partially false,,,,,,,,,,,,,,,,,,,,,,,,,
1.25524E+18,FALSE,,,,,,,,,,,,,,,,,,,,,,,,,
1.25736E+18,partially false,,,,,,,,,,,,,,,,,,,,,,,,,
1.25131E+18,partially false,,,,,,,,,,,,,,,,,,,,,,,,,
1.24532E+18,FALSE,,,,,,,,,,,,,,,,,,,,,,,,,
1.25452E+18,partially false,,,,,,,,,,,,,,,,,,,,,,,,,
1.25515E+18,FALSE,,,,,,,,,,,,,,,,,,,,,,,,,
1.25988E+18,FALSE,,,,,,,,,,,,,,,,,,,,,,,,,
1.25458E+18,FALSE,,,,,,,,,,,,,,,,,,,,,,,,,
1.26931E+18,FALSE,,,,,,,,,,,,,,,,,,,,,,,,,
1.25015E+18,FALSE,,,,,,,,,,,,,,,,,,,,,,,,,
1.2857E+18,FALSE,,,,,,,,,,,,,,,,,,,,,,,,,
1.24574E+18,FALSE,,,,,,,,,,,,,,,,,,,,,,,,,
1.25005E+18,FALSE,,,,,,,,,,,,,,,,,,,,,,,,,
1.24028E+18,FALSE,,,,,,,,,,,,,,,,,,,,,,,,,
1.25112E+18,FALSE,,,,,,,,,,,,,,,,,,,,,,,,,
1.24362E+18,FALSE,,,,,,,,,,,,,,,,,,,,,,,,,
1.24339E+18,FALSE,,,,,,,,,,,,,,,,,,,,,,,,,
1.24552E+18,FALSE,,,,,,,,,,,,,,,,,,,,,,,,,
1.23462E+18,FALSE,,,,,,,,,,,,,,,,,,,,,,,,,
1.28916E+18,FALSE,,,,,,,,,,,,,,,,,,,,,,,,,
1.23469E+18,FALSE,,,,,,,,,,,,,,,,,,,,,,,,,
1.28893E+18,partially false,,,,,,,,,,,,,,,,,,,,,,,,,
1.2525E+18,FALSE,,,,,,,,,,,,,,,,,,,,,,,,,
1.25266E+18,FALSE,,,,,,,,,,,,,,,,,,,,,,,,,
1.24644E+18,partially false,,,,,,,,,,,,,,,,,,,,,,,,,
9.00683E+17,FALSE,,,,,,,,,,,,,,,,,,,,,,,,,
1.24714E+18,FALSE,,,,,,,,,,,,,,,,,,,,,,,,,
1.2504E+18,FALSE,,,,,,,,,,,,,,,,,,,,,,,,,
1.24465E+18,FALSE,,,,,,,,,,,,,,,,,,,,,,,,,
1.25032E+18,FALSE,,,,,,,,,,,,,,,,,,,,,,,,,
1.25242E+18,FALSE,,,,,,,,,,,,,,,,,,,,,,,,,
1.2507E+18,partially false,,,,,,,,,,,,,,,,,,,,,,,,,
1.25043E+18,FALSE,,,,,,,,,,,,,,,,,,,,,,,,,
1.25262E+18,FALSE,,,,,,,,,,,,,,,,,,,,,,,,,
1.25117E+18,FALSE,,,,,,,,,,,,,,,,,,,,,,,,,
1.24989E+18,FALSE,,,,,,,,,,,,,,,,,,,,,,,,,
1.25236E+18,FALSE,,,,,,,,,,,,,,,,,,,,,,,,,
1.24838E+18,FALSE,,,,,,,,,,,,,,,,,,,,,,,,,
1.25259E+18,partially false,,,,,,,,,,,,,,,,,,,,,,,,,
1.25156E+18,FALSE,,,,,,,,,,,,,,,,,,,,,,,,,
1.25126E+18,FALSE,,,,,,,,,,,,,,,,,,,,,,,,,
1.22334E+18,FALSE,,,,,,,,,,,,,,,,,,,,,,,,,
1.25063E+18,FALSE,,,,,,,,,,,,,,,,,,,,,,,,,
1.25014E+18,FALSE,,,,,,,,,,,,,,,,,,,,,,,,,
1.24864E+18,FALSE,,,,,,,,,,,,,,,,,,,,,,,,,
1.2508E+18,FALSE,,,,,,,,,,,,,,,,,,,,,,,,,
1.24961E+18,FALSE,,,,,,,,,,,,,,,,,,,,,,,,,
1.2526E+18,FALSE,,,,,,,,,,,,,,,,,,,,,,,,,
1.2485E+18,FALSE,,,,,,,,,,,,,,,,,,,,,,,,,
1.25047E+18,FALSE,,,,,,,,,,,,,,,,,,,,,,,,,
1.2487E+18,FALSE,,,,,,,,,,,,,,,,,,,,,,,,,
1.25268E+18,partially false,,,,,,,,,,,,,,,,,,,,,,,,,
1.25267E+18,FALSE,,,,,,,,,,,,,,,,,,,,,,,,,
1.24621E+18,partially false,,,,,,,,,,,,,,,,,,,,,,,,,
1.24839E+18,unproven,,,,,,,,,,,,,,,,,,,,,,,,,
1.2519E+18,FALSE,,,,,,,,,,,,,,,,,,,,,,,,,
1.0157E+18,FALSE,,,,,,,,,,,,,,,,,,,,,,,,,
1.28814E+18,FALSE,,,,,,,,,,,,,,,,,,,,,,,,,
1.25364E+18,FALSE,,,,,,,,,,,,,,,,,,,,,,,,,
1.25341E+18,FALSE,,,,,,,,,,,,,,,,,,,,,,,,,
1.25226E+18,FALSE,,,,,,,,,,,,,,,,,,,,,,,,,
1.25239E+18,FALSE,,,,,,,,,,,,,,,,,,,,,,,,,
1.18448E+18,FALSE,,,,,,,,,,,,,,,,,,,,,,,,,
1.25043E+18,FALSE,,,,,,,,,,,,,,,,,,,,,,,,,
1.24284E+18,FALSE,,,,,,,,,,,,,,,,,,,,,,,,,
1.25085E+18,FALSE,,,,,,,,,,,,,,,,,,,,,,,,,
1.28884E+18,partially false,,,,,,,,,,,,,,,,,,,,,,,,,
1.25189E+18,FALSE,,,,,,,,,,,,,,,,,,,,,,,,,
1.25323E+18,FALSE,,,,,,,,,,,,,,,,,,,,,,,,,
1.25146E+18,FALSE,,,,,,,,,,,,,,,,,,,,,,,,,
1.25037E+18,FALSE,,,,,,,,,,,,,,,,,,,,,,,,,
1.25092E+18,FALSE,,,,,,,,,,,,,,,,,,,,,,,,,
1.24679E+18,FALSE,,,,,,,,,,,,,,,,,,,,,,,,,
1.24651E+18,FALSE,,,,,,,,,,,,,,,,,,,,,,,,,
1.24113E+18,FALSE,,,,,,,,,,,,,,,,,,,,,,,,,
1.2485E+18,FALSE,,,,,,,,,,,,,,,,,,,,,,,,,
1.20015E+18,FALSE,,,,,,,,,,,,,,,,,,,,,,,,,
1.25297E+18,FALSE,,,,,,,,,,,,,,,,,,,,,,,,,
1.24863E+18,FALSE,,,,,,,,,,,,,,,,,,,,,,,,,
1.24397E+18,FALSE,,,,,,,,,,,,,,,,,,,,,,,,,
1.18197E+18,FALSE,,,,,,,,,,,,,,,,,,,,,,,,,
1.22367E+18,FALSE,,,,,,,,,,,,,,,,,,,,,,,,,
1.2432E+18,FALSE,,,,,,,,,,,,,,,,,,,,,,,,,
1.24534E+18,FALSE,,,,,,,,,,,,,,,,,,,,,,,,,
9.00685E+17,FALSE,,,,,,,,,,,,,,,,,,,,,,,,,
1.25229E+18,FALSE,,,,,,,,,,,,,,,,,,,,,,,,,
1.25152E+18,FALSE,,,,,,,,,,,,,,,,,,,,,,,,,
1.25058E+18,FALSE,,,,,,,,,,,,,,,,,,,,,,,,,
1.25236E+18,FALSE,,,,,,,,,,,,,,,,,,,,,,,,,
1.25223E+18,FALSE,,,,,,,,,,,,,,,,,,,,,,,,,
1.2504E+18,FALSE,,,,,,,,,,,,,,,,,,,,,,,,,
1.18841E+18,FALSE,,,,,,,,,,,,,,,,,,,,,,,,,
1.24891E+18,FALSE,,,,,,,,,,,,,,,,,,,,,,,,,
1.24422E+18,FALSE,,,,,,,,,,,,,,,,,,,,,,,,,
1.25026E+18,partially false,,,,,,,,,,,,,,,,,,,,,,,,,
1.23985E+18,FALSE,,,,,,,,,,,,,,,,,,,,,,,,,
1.25038E+18,FALSE,,,,,,,,,,,,,,,,,,,,,,,,,
1.25044E+18,FALSE,,,,,,,,,,,,,,,,,,,,,,,,,
1.25054E+18,FALSE,,,,,,,,,,,,,,,,,,,,,,,,,
1.25085E+18,FALSE,,,,,,,,,,,,,,,,,,,,,,,,,
1.24454E+18,FALSE,,,,,,,,,,,,,,,,,,,,,,,,,
1.24714E+18,FALSE,,,,,,,,,,,,,,,,,,,,,,,,,
1.16945E+18,FALSE,,,,,,,,,,,,,,,,,,,,,,,,,
1.24785E+18,FALSE,,,,,,,,,,,,,,,,,,,,,,,,,
1.24392E+18,FALSE,,,,,,,,,,,,,,,,,,,,,,,,,
1.24276E+18,FALSE,,,,,,,,,,,,,,,,,,,,,,,,,
1.22337E+18,FALSE,,,,,,,,,,,,,,,,,,,,,,,,,
1.2454E+18,FALSE,,,,,,,,,,,,,,,,,,,,,,,,,
1.2496E+18,FALSE,,,,,,,,,,,,,,,,,,,,,,,,,
1.24932E+18,FALSE,,,,,,,,,,,,,,,,,,,,,,,,,
1.249E+18,FALSE,,,,,,,,,,,,,,,,,,,,,,,,,
1.21948E+18,partially false,,,,,,,,,,,,,,,,,,,,,,,,,
1.24897E+18,FALSE,,,,,,,,,,,,,,,,,,,,,,,,,
1.24114E+18,partially false,,,,,,,,,,,,,,,,,,,,,,,,,
1.24386E+18,partially false,,,,,,,,,,,,,,,,,,,,,,,,,
1.24143E+18,partially false,,,,,,,,,,,,,,,,,,,,,,,,,
1.24933E+18,FALSE,,,,,,,,,,,,,,,,,,,,,,,,,
1.21903E+18,partially false,,,,,,,,,,,,,,,,,,,,,,,,,
1.2495E+18,partially false,,,,,,,,,,,,,,,,,,,,,,,,,
1.24174E+18,partially false,,,,,,,,,,,,,,,,,,,,,,,,,
1.24681E+18,FALSE,,,,,,,,,,,,,,,,,,,,,,,,,
1.24881E+18,FALSE,,,,,,,,,,,,,,,,,,,,,,,,,
1.12607E+18,FALSE,,,,,,,,,,,,,,,,,,,,,,,,,
1.24826E+18,FALSE,,,,,,,,,,,,,,,,,,,,,,,,,
1.24764E+18,partially false,,,,,,,,,,,,,,,,,,,,,,,,,
7.25938E+17,FALSE,,,,,,,,,,,,,,,,,,,,,,,,,
1.2468E+18,FALSE,,,,,,,,,,,,,,,,,,,,,,,,,
1.24903E+18,FALSE,,,,,,,,,,,,,,,,,,,,,,,,,
1.24901E+18,FALSE,,,,,,,,,,,,,,,,,,,,,,,,,
1.249E+18,FALSE,,,,,,,,,,,,,,,,,,,,,,,,,
1.24863E+18,FALSE,,,,,,,,,,,,,,,,,,,,,,,,,
1.24361E+18,FALSE,,,,,,,,,,,,,,,,,,,,,,,,,
1.24575E+18,FALSE,,,,,,,,,,,,,,,,,,,,,,,,,
1.24946E+18,partially false,,,,,,,,,,,,,,,,,,,,,,,,,
1.1657E+18,FALSE,,,,,,,,,,,,,,,,,,,,,,,,,
1.25063E+18,unproven,,,,,,,,,,,,,,,,,,,,,,,,,
1.28593E+18,FALSE,,,,,,,,,,,,,,,,,,,,,,,,,
1.2313E+18,FALSE,,,,,,,,,,,,,,,,,,,,,,,,,
1.24885E+18,FALSE,,,,,,,,,,,,,,,,,,,,,,,,,
1.24936E+18,FALSE,,,,,,,,,,,,,,,,,,,,,,,,,
9.03687E+17,FALSE,,,,,,,,,,,,,,,,,,,,,,,,,
1.25047E+18,FALSE,,,,,,,,,,,,,,,,,,,,,,,,,
1.25034E+18,partially false,,,,,,,,,,,,,,,,,,,,,,,,,
1.24957E+18,FALSE,,,,,,,,,,,,,,,,,,,,,,,,,
1.132E+18,FALSE,,,,,,,,,,,,,,,,,,,,,,,,,
1.25058E+18,FALSE,,,,,,,,,,,,,,,,,,,,,,,,,
1.24865E+18,FALSE,,,,,,,,,,,,,,,,,,,,,,,,,
1.24898E+18,FALSE,,,,,,,,,,,,,,,,,,,,,,,,,
1.28691E+18,FALSE,,,,,,,,,,,,,,,,,,,,,,,,,
1.24018E+18,FALSE,,,,,,,,,,,,,,,,,,,,,,,,,
1.24895E+18,FALSE,,,,,,,,,,,,,,,,,,,,,,,,,
1.2412E+18,partially false,,,,,,,,,,,,,,,,,,,,,,,,,
1.22082E+18,partially false,,,,,,,,,,,,,,,,,,,,,,,,,
1.24028E+18,partially false,,,,,,,,,,,,,,,,,,,,,,,,,
1.24398E+18,partially false,,,,,,,,,,,,,,,,,,,,,,,,,
1.2316E+18,FALSE,,,,,,,,,,,,,,,,,,,,,,,,,
1.28177E+18,FALSE,,,,,,,,,,,,,,,,,,,,,,,,,
1.2271E+18,FALSE,,,,,,,,,,,,,,,,,,,,,,,,,
1.24872E+18,FALSE,,,,,,,,,,,,,,,,,,,,,,,,,
1.24853E+18,FALSE,,,,,,,,,,,,,,,,,,,,,,,,,
1.24971E+18,FALSE,,,,,,,,,,,,,,,,,,,,,,,,,
1.22996E+18,FALSE,,,,,,,,,,,,,,,,,,,,,,,,,
1.2488E+18,FALSE,,,,,,,,,,,,,,,,,,,,,,,,,
1.24827E+18,FALSE,,,,,,,,,,,,,,,,,,,,,,,,,
1.24369E+18,partially false,,,,,,,,,,,,,,,,,,,,,,,,,
1.24784E+18,FALSE,,,,,,,,,,,,,,,,,,,,,,,,,
1.2476E+18,FALSE,,,,,,,,,,,,,,,,,,,,,,,,,
1.24018E+18,FALSE,,,,,,,,,,,,,,,,,,,,,,,,,
7.20102E+17,FALSE,,,,,,,,,,,,,,,,,,,,,,,,,
1.24793E+18,FALSE,,,,,,,,,,,,,,,,,,,,,,,,,
1.24973E+18,FALSE,,,,,,,,,,,,,,,,,,,,,,,,,
1.24968E+18,FALSE,,,,,,,,,,,,,,,,,,,,,,,,,
1.2495E+18,FALSE,,,,,,,,,,,,,,,,,,,,,,,,,
1.24464E+18,FALSE,,,,,,,,,,,,,,,,,,,,,,,,,
1.13415E+18,FALSE,,,,,,,,,,,,,,,,,,,,,,,,,
1.24947E+18,unproven,,,,,,,,,,,,,,,,,,,,,,,,,
1.24984E+18,FALSE,,,,,,,,,,,,,,,,,,,,,,,,,
1.24725E+18,FALSE,,,,,,,,,,,,,,,,,,,,,,,,,
1.24914E+18,FALSE,,,,,,,,,,,,,,,,,,,,,,,,,
1.24018E+18,FALSE,,,,,,,,,,,,,,,,,,,,,,,,,
9.95638E+17,FALSE,,,,,,,,,,,,,,,,,,,,,,,,,
1.25003E+18,FALSE,,,,,,,,,,,,,,,,,,,,,,,,,
1.24348E+18,FALSE,,,,,,,,,,,,,,,,,,,,,,,,,
1.24745E+18,FALSE,,,,,,,,,,,,,,,,,,,,,,,,,
1.24816E+18,FALSE,,,,,,,,,,,,,,,,,,,,,,,,,
1.2498E+18,unproven,,,,,,,,,,,,,,,,,,,,,,,,,
1.24628E+18,FALSE,,,,,,,,,,,,,,,,,,,,,,,,,
1.24859E+18,FALSE,,,,,,,,,,,,,,,,,,,,,,,,,
1.24969E+18,FALSE,,,,,,,,,,,,,,,,,,,,,,,,,
1.2498E+18,FALSE,,,,,,,,,,,,,,,,,,,,,,,,,
1.24905E+18,FALSE,,,,,,,,,,,,,,,,,,,,,,,,,
1.24851E+18,FALSE,,,,,,,,,,,,,,,,,,,,,,,,,
1.25003E+18,FALSE,,,,,,,,,,,,,,,,,,,,,,,,,
1.24564E+18,FALSE,,,,,,,,,,,,,,,,,,,,,,,,,
1.24682E+18,FALSE,,,,,,,,,,,,,,,,,,,,,,,,,
1.24803E+18,FALSE,,,,,,,,,,,,,,,,,,,,,,,,,
1.2458E+18,FALSE,,,,,,,,,,,,,,,,,,,,,,,,,
1.24609E+18,FALSE,,,,,,,,,,,,,,,,,,,,,,,,,
1.24838E+18,FALSE,,,,,,,,,,,,,,,,,,,,,,,,,
9.62815E+17,FALSE,,,,,,,,,,,,,,,,,,,,,,,,,
1.2381E+18,FALSE,,,,,,,,,,,,,,,,,,,,,,,,,
1.24648E+18,FALSE,,,,,,,,,,,,,,,,,,,,,,,,,
1.24816E+18,FALSE,,,,,,,,,,,,,,,,,,,,,,,,,
1.24749E+18,FALSE,,,,,,,,,,,,,,,,,,,,,,,,,
1.24835E+18,FALSE,,,,,,,,,,,,,,,,,,,,,,,,,
1.24597E+18,FALSE,,,,,,,,,,,,,,,,,,,,,,,,,
1.2476E+18,FALSE,,,,,,,,,,,,,,,,,,,,,,,,,
1.24581E+18,FALSE,,,,,,,,,,,,,,,,,,,,,,,,,
1.24723E+18,FALSE,,,,,,,,,,,,,,,,,,,,,,,,,
1.2787E+18,partially false,,,,,,,,,,,,,,,,,,,,,,,,,
1.24397E+18,FALSE,,,,,,,,,,,,,,,,,,,,,,,,,
1.24729E+18,FALSE,,,,,,,,,,,,,,,,,,,,,,,,,
1.24797E+18,FALSE,,,,,,,,,,,,,,,,,,,,,,,,,
1.24687E+18,FALSE,,,,,,,,,,,,,,,,,,,,,,,,,
1.24943E+18,FALSE,,,,,,,,,,,,,,,,,,,,,,,,,
1.24719E+18,FALSE,,,,,,,,,,,,,,,,,,,,,,,,,
1.24642E+18,FALSE,,,,,,,,,,,,,,,,,,,,,,,,,
1.23912E+18,FALSE,,,,,,,,,,,,,,,,,,,,,,,,,
1.25072E+18,FALSE,,,,,,,,,,,,,,,,,,,,,,,,,
1.24789E+18,partially false,,,,,,,,,,,,,,,,,,,,,,,,,
1.24825E+18,FALSE,,,,,,,,,,,,,,,,,,,,,,,,,
1.22811E+18,FALSE,,,,,,,,,,,,,,,,,,,,,,,,,
1.24771E+18,FALSE,,,,,,,,,,,,,,,,,,,,,,,,,
1.24894E+18,FALSE,,,,,,,,,,,,,,,,,,,,,,,,,
1.24103E+18,FALSE,,,,,,,,,,,,,,,,,,,,,,,,,
1.24717E+18,FALSE,,,,,,,,,,,,,,,,,,,,,,,,,
1.24812E+18,FALSE,,,,,,,,,,,,,,,,,,,,,,,,,
1.24703E+18,FALSE,,,,,,,,,,,,,,,,,,,,,,,,,
1.16703E+18,FALSE,,,,,,,,,,,,,,,,,,,,,,,,,
1.23959E+18,FALSE,,,,,,,,,,,,,,,,,,,,,,,,,
1.26352E+18,FALSE,,,,,,,,,,,,,,,,,,,,,,,,,
1.24802E+18,FALSE,,,,,,,,,,,,,,,,,,,,,,,,,
1.24679E+18,partially false,,,,,,,,,,,,,,,,,,,,,,,,,
1.24106E+18,partially false,,,,,,,,,,,,,,,,,,,,,,,,,
1.24103E+18,FALSE,,,,,,,,,,,,,,,,,,,,,,,,,
1.23235E+18,FALSE,,,,,,,,,,,,,,,,,,,,,,,,,
1.28327E+18,FALSE,,,,,,,,,,,,,,,,,,,,,,,,,
1.24748E+18,FALSE,,,,,,,,,,,,,,,,,,,,,,,,,
1.2465E+18,partially false,,,,,,,,,,,,,,,,,,,,,,,,,
1.2481E+18,FALSE,,,,,,,,,,,,,,,,,,,,,,,,,
1.28659E+18,FALSE,,,,,,,,,,,,,,,,,,,,,,,,,
1.24749E+18,FALSE,,,,,,,,,,,,,,,,,,,,,,,,,
1.29155E+18,FALSE,,,,,,,,,,,,,,,,,,,,,,,,,
1.24725E+18,partially false,,,,,,,,,,,,,,,,,,,,,,,,,
6.73699E+17,FALSE,,,,,,,,,,,,,,,,,,,,,,,,,
1.24595E+18,FALSE,,,,,,,,,,,,,,,,,,,,,,,,,
1.24405E+18,FALSE,,,,,,,,,,,,,,,,,,,,,,,,,
8.27284E+17,FALSE,,,,,,,,,,,,,,,,,,,,,,,,,
1.24677E+18,FALSE,,,,,,,,,,,,,,,,,,,,,,,,,
1.24709E+18,FALSE,,,,,,,,,,,,,,,,,,,,,,,,,
1.24686E+18,FALSE,,,,,,,,,,,,,,,,,,,,,,,,,
1.24754E+18,FALSE,,,,,,,,,,,,,,,,,,,,,,,,,
1.24699E+18,FALSE,,,,,,,,,,,,,,,,,,,,,,,,,
1.24414E+18,FALSE,,,,,,,,,,,,,,,,,,,,,,,,,
1.2473E+18,FALSE,,,,,,,,,,,,,,,,,,,,,,,,,
1.24717E+18,FALSE,,,,,,,,,,,,,,,,,,,,,,,,,
1.24622E+18,FALSE,,,,,,,,,,,,,,,,,,,,,,,,,
1.22745E+18,FALSE,,,,,,,,,,,,,,,,,,,,,,,,,
1.24656E+18,FALSE,,,,,,,,,,,,,,,,,,,,,,,,,
1.24722E+18,FALSE,,,,,,,,,,,,,,,,,,,,,,,,,
1.24767E+18,FALSE,,,,,,,,,,,,,,,,,,,,,,,,,
1.24597E+18,FALSE,,,,,,,,,,,,,,,,,,,,,,,,,
1.24678E+18,FALSE,,,,,,,,,,,,,,,,,,,,,,,,,
1.24877E+18,FALSE,,,,,,,,,,,,,,,,,,,,,,,,,
1.25314E+18,FALSE,,,,,,,,,,,,,,,,,,,,,,,,,
1.23912E+18,FALSE,,,,,,,,,,,,,,,,,,,,,,,,,
1.24718E+18,partially false,,,,,,,,,,,,,,,,,,,,,,,,,
1.24694E+18,FALSE,,,,,,,,,,,,,,,,,,,,,,,,,
1.24789E+18,FALSE,,,,,,,,,,,,,,,,,,,,,,,,,
1.28318E+18,FALSE,,,,,,,,,,,,,,,,,,,,,,,,,
1.24546E+18,FALSE,,,,,,,,,,,,,,,,,,,,,,,,,
1.24557E+18,partially false,,,,,,,,,,,,,,,,,,,,,,,,,
1.24722E+18,FALSE,,,,,,,,,,,,,,,,,,,,,,,,,
1.24496E+18,partially false,,,,,,,,,,,,,,,,,,,,,,,,,
1.2472E+18,FALSE,,,,,,,,,,,,,,,,,,,,,,,,,
1.24785E+18,FALSE,,,,,,,,,,,,,,,,,,,,,,,,,
1.25018E+18,FALSE,,,,,,,,,,,,,,,,,,,,,,,,,
1.24774E+18,FALSE,,,,,,,,,,,,,,,,,,,,,,,,,
9.71254E+17,FALSE,,,,,,,,,,,,,,,,,,,,,,,,,
1.24815E+18,FALSE,,,,,,,,,,,,,,,,,,,,,,,,,
1.2395E+18,FALSE,,,,,,,,,,,,,,,,,,,,,,,,,
1.24732E+18,FALSE,,,,,,,,,,,,,,,,,,,,,,,,,
1.24502E+18,FALSE,,,,,,,,,,,,,,,,,,,,,,,,,
1.24804E+18,FALSE,,,,,,,,,,,,,,,,,,,,,,,,,
1.24826E+18,FALSE,,,,,,,,,,,,,,,,,,,,,,,,,
1.24615E+18,partially false,,,,,,,,,,,,,,,,,,,,,,,,,
1.24717E+18,FALSE,,,,,,,,,,,,,,,,,,,,,,,,,
1.25348E+18,FALSE,,,,,,,,,,,,,,,,,,,,,,,,,
9.40624E+17,FALSE,,,,,,,,,,,,,,,,,,,,,,,,,
1.15371E+18,FALSE,,,,,,,,,,,,,,,,,,,,,,,,,
1.23707E+18,FALSE,,,,,,,,,,,,,,,,,,,,,,,,,
1.24483E+18,FALSE,,,,,,,,,,,,,,,,,,,,,,,,,
1.24067E+18,FALSE,,,,,,,,,,,,,,,,,,,,,,,,,
1.11779E+18,FALSE,,,,,,,,,,,,,,,,,,,,,,,,,
1.24574E+18,FALSE,,,,,,,,,,,,,,,,,,,,,,,,,
1.24609E+18,FALSE,,,,,,,,,,,,,,,,,,,,,,,,,
1.05317E+18,FALSE,,,,,,,,,,,,,,,,,,,,,,,,,
1.28593E+18,FALSE,,,,,,,,,,,,,,,,,,,,,,,,,
1.24357E+18,FALSE,,,,,,,,,,,,,,,,,,,,,,,,,
1.15371E+18,FALSE,,,,,,,,,,,,,,,,,,,,,,,,,
1.24446E+18,FALSE,,,,,,,,,,,,,,,,,,,,,,,,,
1.24357E+18,FALSE,,,,,,,,,,,,,,,,,,,,,,,,,
1.24568E+18,FALSE,,,,,,,,,,,,,,,,,,,,,,,,,
1.24574E+18,FALSE,,,,,,,,,,,,,,,,,,,,,,,,,
1.24489E+18,FALSE,,,,,,,,,,,,,,,,,,,,,,,,,
1.24402E+18,FALSE,,,,,,,,,,,,,,,,,,,,,,,,,
1.24069E+18,partially false,,,,,,,,,,,,,,,,,,,,,,,,,
1.24472E+18,FALSE,,,,,,,,,,,,,,,,,,,,,,,,,
1.02386E+18,partially false,,,,,,,,,,,,,,,,,,,,,,,,,
1.24508E+18,FALSE,,,,,,,,,,,,,,,,,,,,,,,,,
1.23965E+18,FALSE,,,,,,,,,,,,,,,,,,,,,,,,,
1.01493E+18,FALSE,,,,,,,,,,,,,,,,,,,,,,,,,
1.24611E+18,partially false,,,,,,,,,,,,,,,,,,,,,,,,,
1.24553E+18,FALSE,,,,,,,,,,,,,,,,,,,,,,,,,
1.245E+18,FALSE,,,,,,,,,,,,,,,,,,,,,,,,,
1.24477E+18,unproven,,,,,,,,,,,,,,,,,,,,,,,,,
1.24679E+18,FALSE,,,,,,,,,,,,,,,,,,,,,,,,,
1.2451E+18,FALSE,,,,,,,,,,,,,,,,,,,,,,,,,
1.10524E+18,partially false,,,,,,,,,,,,,,,,,,,,,,,,,
1.23958E+18,FALSE,,,,,,,,,,,,,,,,,,,,,,,,,
1.25092E+18,FALSE,,,,,,,,,,,,,,,,,,,,,,,,,
1.246E+18,FALSE,,,,,,,,,,,,,,,,,,,,,,,,,
1.24277E+18,FALSE,,,,,,,,,,,,,,,,,,,,,,,,,
1.24501E+18,FALSE,,,,,,,,,,,,,,,,,,,,,,,,,
1.02385E+18,partially false,,,,,,,,,,,,,,,,,,,,,,,,,
1.24535E+18,partially false,,,,,,,,,,,,,,,,,,,,,,,,,
1.24441E+18,unproven,,,,,,,,,,,,,,,,,,,,,,,,,
1.2392E+18,FALSE,,,,,,,,,,,,,,,,,,,,,,,,,
1.24593E+18,FALSE,,,,,,,,,,,,,,,,,,,,,,,,,
1.24241E+18,FALSE,,,,,,,,,,,,,,,,,,,,,,,,,
1.24466E+18,FALSE,,,,,,,,,,,,,,,,,,,,,,,,,
1.22421E+18,unproven,,,,,,,,,,,,,,,,,,,,,,,,,
1.24257E+18,FALSE,,,,,,,,,,,,,,,,,,,,,,,,,
1.22181E+18,partially false,,,,,,,,,,,,,,,,,,,,,,,,,
1.24466E+18,FALSE,,,,,,,,,,,,,,,,,,,,,,,,,
1.24594E+18,FALSE,,,,,,,,,,,,,,,,,,,,,,,,,
1.24356E+18,FALSE,,,,,,,,,,,,,,,,,,,,,,,,,
1.24295E+18,unproven,,,,,,,,,,,,,,,,,,,,,,,,,
1.24514E+18,FALSE,,,,,,,,,,,,,,,,,,,,,,,,,
1.23855E+18,FALSE,,,,,,,,,,,,,,,,,,,,,,,,,
1.24547E+18,FALSE,,,,,,,,,,,,,,,,,,,,,,,,,
1.23715E+18,FALSE,,,,,,,,,,,,,,,,,,,,,,,,,
1.22238E+18,FALSE,,,,,,,,,,,,,,,,,,,,,,,,,
1.2861E+18,FALSE,,,,,,,,,,,,,,,,,,,,,,,,,
1.10521E+18,FALSE,,,,,,,,,,,,,,,,,,,,,,,,,
1.26174E+18,others,,,,,,,,,,,,,,,,,,,,,,,,,
1.2446E+18,FALSE,,,,,,,,,,,,,,,,,,,,,,,,,
1.24219E+18,FALSE,,,,,,,,,,,,,,,,,,,,,,,,,
1.24447E+18,partially false,,,,,,,,,,,,,,,,,,,,,,,,,
1.24647E+18,FALSE,,,,,,,,,,,,,,,,,,,,,,,,,
1.2338E+18,partially false,,,,,,,,,,,,,,,,,,,,,,,,,
1.24614E+18,partially false,,,,,,,,,,,,,,,,,,,,,,,,,
1.24445E+18,FALSE,,,,,,,,,,,,,,,,,,,,,,,,,
1.24584E+18,FALSE,,,,,,,,,,,,,,,,,,,,,,,,,
1.17279E+18,FALSE,,,,,,,,,,,,,,,,,,,,,,,,,
1.24686E+18,FALSE,,,,,,,,,,,,,,,,,,,,,,,,,
1.24508E+18,FALSE,,,,,,,,,,,,,,,,,,,,,,,,,
1.17277E+18,FALSE,,,,,,,,,,,,,,,,,,,,,,,,,
1.24644E+18,FALSE,,,,,,,,,,,,,,,,,,,,,,,,,
1.28061E+18,others,,,,,,,,,,,,,,,,,,,,,,,,,
1.24211E+18,FALSE,,,,,,,,,,,,,,,,,,,,,,,,,
1.24687E+18,FALSE,,,,,,,,,,,,,,,,,,,,,,,,,
1.24507E+18,FALSE,,,,,,,,,,,,,,,,,,,,,,,,,
1.24533E+18,FALSE,,,,,,,,,,,,,,,,,,,,,,,,,
1.25004E+18,FALSE,,,,,,,,,,,,,,,,,,,,,,,,,
1.25006E+18,FALSE,,,,,,,,,,,,,,,,,,,,,,,,,
1.24248E+18,FALSE,,,,,,,,,,,,,,,,,,,,,,,,,
1.24102E+18,FALSE,,,,,,,,,,,,,,,,,,,,,,,,,
1.24598E+18,FALSE,,,,,,,,,,,,,,,,,,,,,,,,,
1.24454E+18,FALSE,,,,,,,,,,,,,,,,,,,,,,,,,
1.24448E+18,partially false,,,,,,,,,,,,,,,,,,,,,,,,,
1.24552E+18,FALSE,,,,,,,,,,,,,,,,,,,,,,,,,
1.24633E+18,partially false,,,,,,,,,,,,,,,,,,,,,,,,,
1.24277E+18,FALSE,,,,,,,,,,,,,,,,,,,,,,,,,
1.24534E+18,FALSE,,,,,,,,,,,,,,,,,,,,,,,,,
1.10539E+18,FALSE,,,,,,,,,,,,,,,,,,,,,,,,,
8.99911E+17,FALSE,,,,,,,,,,,,,,,,,,,,,,,,,
1.24717E+18,partially false,,,,,,,,,,,,,,,,,,,,,,,,,
1.24633E+18,partially false,,,,,,,,,,,,,,,,,,,,,,,,,
1.24236E+18,FALSE,,,,,,,,,,,,,,,,,,,,,,,,,
1.10567E+18,FALSE,,,,,,,,,,,,,,,,,,,,,,,,,
1.24467E+18,FALSE,,,,,,,,,,,,,,,,,,,,,,,,,
1.24395E+18,FALSE,,,,,,,,,,,,,,,,,,,,,,,,,
1.24253E+18,partially false,,,,,,,,,,,,,,,,,,,,,,,,,
1.21874E+18,FALSE,,,,,,,,,,,,,,,,,,,,,,,,,
1.24608E+18,partially false,,,,,,,,,,,,,,,,,,,,,,,,,
1.24501E+18,partially false,,,,,,,,,,,,,,,,,,,,,,,,,
1.24233E+18,FALSE,,,,,,,,,,,,,,,,,,,,,,,,,
1.23576E+18,FALSE,,,,,,,,,,,,,,,,,,,,,,,,,
1.2433E+18,FALSE,,,,,,,,,,,,,,,,,,,,,,,,,
1.24287E+18,FALSE,,,,,,,,,,,,,,,,,,,,,,,,,
1.24017E+18,FALSE,,,,,,,,,,,,,,,,,,,,,,,,,
4.81021E+17,FALSE,,,,,,,,,,,,,,,,,,,,,,,,,
1.24403E+18,FALSE,,,,,,,,,,,,,,,,,,,,,,,,,
1.24441E+18,FALSE,,,,,,,,,,,,,,,,,,,,,,,,,
1.24477E+18,partially false,,,,,,,,,,,,,,,,,,,,,,,,,
1.22308E+18,FALSE,,,,,,,,,,,,,,,,,,,,,,,,,
1.24216E+18,partially false,,,,,,,,,,,,,,,,,,,,,,,,,
1.2418E+18,partially false,,,,,,,,,,,,,,,,,,,,,,,,,
1.24277E+18,FALSE,,,,,,,,,,,,,,,,,,,,,,,,,
1.24145E+18,FALSE,,,,,,,,,,,,,,,,,,,,,,,,,
1.24474E+18,FALSE,,,,,,,,,,,,,,,,,,,,,,,,,
1.24071E+18,partially false,,,,,,,,,,,,,,,,,,,,,,,,,
1.24209E+18,FALSE,,,,,,,,,,,,,,,,,,,,,,,,,
1.21765E+18,FALSE,,,,,,,,,,,,,,,,,,,,,,,,,
1.24229E+18,FALSE,,,,,,,,,,,,,,,,,,,,,,,,,
1.24428E+18,FALSE,,,,,,,,,,,,,,,,,,,,,,,,,
1.24428E+18,FALSE,,,,,,,,,,,,,,,,,,,,,,,,,
1.24182E+18,FALSE,,,,,,,,,,,,,,,,,,,,,,,,,
1.24434E+18,FALSE,,,,,,,,,,,,,,,,,,,,,,,,,
1.24295E+18,FALSE,,,,,,,,,,,,,,,,,,,,,,,,,
1.24471E+18,FALSE,,,,,,,,,,,,,,,,,,,,,,,,,
1.24434E+18,FALSE,,,,,,,,,,,,,,,,,,,,,,,,,
1.23406E+18,FALSE,,,,,,,,,,,,,,,,,,,,,,,,,
1.24205E+18,FALSE,,,,,,,,,,,,,,,,,,,,,,,,,
1.24291E+18,FALSE,,,,,,,,,,,,,,,,,,,,,,,,,
1.26821E+18,partially false,,,,,,,,,,,,,,,,,,,,,,,,,
1.24385E+18,FALSE,,,,,,,,,,,,,,,,,,,,,,,,,
1.24108E+18,partially false,,,,,,,,,,,,,,,,,,,,,,,,,
1.24906E+18,FALSE,,,,,,,,,,,,,,,,,,,,,,,,,
1.23591E+18,FALSE,,,,,,,,,,,,,,,,,,,,,,,,,
1.24467E+18,FALSE,,,,,,,,,,,,,,,,,,,,,,,,,
1.2094E+18,FALSE,,,,,,,,,,,,,,,,,,,,,,,,,
1.24228E+18,FALSE,,,,,,,,,,,,,,,,,,,,,,,,,
1.23961E+18,FALSE,,,,,,,,,,,,,,,,,,,,,,,,,
1.24429E+18,FALSE,,,,,,,,,,,,,,,,,,,,,,,,,
1.17686E+18,FALSE,,,,,,,,,,,,,,,,,,,,,,,,,
1.22596E+18,partially false,,,,,,,,,,,,,,,,,,,,,,,,,
1.24311E+18,FALSE,,,,,,,,,,,,,,,,,,,,,,,,,
1.24133E+18,FALSE,,,,,,,,,,,,,,,,,,,,,,,,,
1.23272E+18,partially false,,,,,,,,,,,,,,,,,,,,,,,,,
1.23625E+18,FALSE,,,,,,,,,,,,,,,,,,,,,,,,,
1.24306E+18,FALSE,,,,,,,,,,,,,,,,,,,,,,,,,
1.24417E+18,FALSE,,,,,,,,,,,,,,,,,,,,,,,,,
1.24453E+18,FALSE,,,,,,,,,,,,,,,,,,,,,,,,,
1.24453E+18,FALSE,,,,,,,,,,,,,,,,,,,,,,,,,
1.24145E+18,partially false,,,,,,,,,,,,,,,,,,,,,,,,,
1.26533E+18,FALSE,,,,,,,,,,,,,,,,,,,,,,,,,
1.24027E+18,partially false,,,,,,,,,,,,,,,,,,,,,,,,,
1.24144E+18,partially false,,,,,,,,,,,,,,,,,,,,,,,,,
1.24386E+18,FALSE,,,,,,,,,,,,,,,,,,,,,,,,,
1.24389E+18,FALSE,,,,,,,,,,,,,,,,,,,,,,,,,
1.24205E+18,FALSE,,,,,,,,,,,,,,,,,,,,,,,,,
1.23661E+18,FALSE,,,,,,,,,,,,,,,,,,,,,,,,,
1.23753E+18,FALSE,,,,,,,,,,,,,,,,,,,,,,,,,
1.24458E+18,FALSE,,,,,,,,,,,,,,,,,,,,,,,,,
1.2396E+18,partially false,,,,,,,,,,,,,,,,,,,,,,,,,
1.24316E+18,FALSE,,,,,,,,,,,,,,,,,,,,,,,,,
1.27361E+18,partially false,,,,,,,,,,,,,,,,,,,,,,,,,
1.10528E+18,FALSE,,,,,,,,,,,,,,,,,,,,,,,,,
1.27361E+18,partially false,,,,,,,,,,,,,,,,,,,,,,,,,
1.245E+18,FALSE,,,,,,,,,,,,,,,,,,,,,,,,,
1.23815E+18,FALSE,,,,,,,,,,,,,,,,,,,,,,,,,
1.24357E+18,FALSE,,,,,,,,,,,,,,,,,,,,,,,,,
1.24145E+18,partially false,,,,,,,,,,,,,,,,,,,,,,,,,
1.24501E+18,FALSE,,,,,,,,,,,,,,,,,,,,,,,,,
1.24324E+18,FALSE,,,,,,,,,,,,,,,,,,,,,,,,,
1.24335E+18,FALSE,,,,,,,,,,,,,,,,,,,,,,,,,
1.24167E+18,partially false,,,,,,,,,,,,,,,,,,,,,,,,,
1.24359E+18,FALSE,,,,,,,,,,,,,,,,,,,,,,,,,
1.28559E+18,FALSE,,,,,,,,,,,,,,,,,,,,,,,,,
1.24449E+18,FALSE,,,,,,,,,,,,,,,,,,,,,,,,,
1.27728E+18,FALSE,,,,,,,,,,,,,,,,,,,,,,,,,
1.237E+18,FALSE,,,,,,,,,,,,,,,,,,,,,,,,,
1.24328E+18,partially false,,,,,,,,,,,,,,,,,,,,,,,,,
1.24795E+18,partially false,,,,,,,,,,,,,,,,,,,,,,,,,
1.24448E+18,FALSE,,,,,,,,,,,,,,,,,,,,,,,,,
1.24321E+18,partially false,,,,,,,,,,,,,,,,,,,,,,,,,
1.24528E+18,FALSE,,,,,,,,,,,,,,,,,,,,,,,,,
1.24208E+18,FALSE,,,,,,,,,,,,,,,,,,,,,,,,,
5.80828E+17,FALSE,,,,,,,,,,,,,,,,,,,,,,,,,
1.10528E+18,FALSE,,,,,,,,,,,,,,,,,,,,,,,,,
1.2358E+18,FALSE,,,,,,,,,,,,,,,,,,,,,,,,,
1.24288E+18,FALSE,,,,,,,,,,,,,,,,,,,,,,,,,
1.24228E+18,partially false,,,,,,,,,,,,,,,,,,,,,,,,,
1.2423E+18,FALSE,,,,,,,,,,,,,,,,,,,,,,,,,
1.24175E+18,FALSE,,,,,,,,,,,,,,,,,,,,,,,,,
1.24274E+18,FALSE,,,,,,,,,,,,,,,,,,,,,,,,,
5.15407E+17,partially false,,,,,,,,,,,,,,,,,,,,,,,,,
1.24113E+18,FALSE,,,,,,,,,,,,,,,,,,,,,,,,,
5.9308E+17,FALSE,,,,,,,,,,,,,,,,,,,,,,,,,
1.24251E+18,FALSE,,,,,,,,,,,,,,,,,,,,,,,,,
1.24273E+18,FALSE,,,,,,,,,,,,,,,,,,,,,,,,,
1.24122E+18,partially false,,,,,,,,,,,,,,,,,,,,,,,,,
1.09775E+18,FALSE,,,,,,,,,,,,,,,,,,,,,,,,,
1.24067E+18,partially false,,,,,,,,,,,,,,,,,,,,,,,,,
5.5163E+17,FALSE,,,,,,,,,,,,,,,,,,,,,,,,,
1.24209E+18,FALSE,,,,,,,,,,,,,,,,,,,,,,,,,
1.26887E+18,partially false,,,,,,,,,,,,,,,,,,,,,,,,,
1.24268E+18,FALSE,,,,,,,,,,,,,,,,,,,,,,,,,
1.15085E+18,FALSE,,,,,,,,,,,,,,,,,,,,,,,,,
1.24257E+18,FALSE,,,,,,,,,,,,,,,,,,,,,,,,,
1.23809E+18,FALSE,,,,,,,,,,,,,,,,,,,,,,,,,
1.23878E+18,FALSE,,,,,,,,,,,,,,,,,,,,,,,,,
1.283E+18,FALSE,,,,,,,,,,,,,,,,,,,,,,,,,
1.24202E+18,FALSE,,,,,,,,,,,,,,,,,,,,,,,,,
1.24213E+18,FALSE,,,,,,,,,,,,,,,,,,,,,,,,,
1.24278E+18,partially false,,,,,,,,,,,,,,,,,,,,,,,,,
9.63112E+17,FALSE,,,,,,,,,,,,,,,,,,,,,,,,,
1.24211E+18,FALSE,,,,,,,,,,,,,,,,,,,,,,,,,
1.24247E+18,FALSE,,,,,,,,,,,,,,,,,,,,,,,,,
1.24162E+18,FALSE,,,,,,,,,,,,,,,,,,,,,,,,,
1.2273E+18,FALSE,,,,,,,,,,,,,,,,,,,,,,,,,
1.24227E+18,FALSE,,,,,,,,,,,,,,,,,,,,,,,,,
1.24149E+18,FALSE,,,,,,,,,,,,,,,,,,,,,,,,,
1.24259E+18,partially false,,,,,,,,,,,,,,,,,,,,,,,,,
1.23861E+18,FALSE,,,,,,,,,,,,,,,,,,,,,,,,,
1.24279E+18,FALSE,,,,,,,,,,,,,,,,,,,,,,,,,
1.23889E+18,partially false,,,,,,,,,,,,,,,,,,,,,,,,,
1.24041E+18,FALSE,,,,,,,,,,,,,,,,,,,,,,,,,
1.24306E+18,FALSE,,,,,,,,,,,,,,,,,,,,,,,,,
1.24305E+18,FALSE,,,,,,,,,,,,,,,,,,,,,,,,,
1.24025E+18,FALSE,,,,,,,,,,,,,,,,,,,,,,,,,
1.24222E+18,FALSE,,,,,,,,,,,,,,,,,,,,,,,,,
1.24361E+18,partially false,,,,,,,,,,,,,,,,,,,,,,,,,
1.24211E+18,FALSE,,,,,,,,,,,,,,,,,,,,,,,,,
1.23349E+18,FALSE,,,,,,,,,,,,,,,,,,,,,,,,,
1.24205E+18,FALSE,,,,,,,,,,,,,,,,,,,,,,,,,
1.24364E+18,partially false,,,,,,,,,,,,,,,,,,,,,,,,,
1.24395E+18,FALSE,,,,,,,,,,,,,,,,,,,,,,,,,
1.27845E+18,TRUE,,,,,,,,,,,,,,,,,,,,,,,,,
1.24003E+18,FALSE,,,,,,,,,,,,,,,,,,,,,,,,,
1.24283E+18,partially false,,,,,,,,,,,,,,,,,,,,,,,,,
1.24159E+18,FALSE,,,,,,,,,,,,,,,,,,,,,,,,,
1.23811E+18,partially false,,,,,,,,,,,,,,,,,,,,,,,,,
1.2428E+18,FALSE,,,,,,,,,,,,,,,,,,,,,,,,,
1.24096E+18,partially false,,,,,,,,,,,,,,,,,,,,,,,,,
1.24175E+18,FALSE,,,,,,,,,,,,,,,,,,,,,,,,,
1.24098E+18,partially false,,,,,,,,,,,,,,,,,,,,,,,,,
1.22627E+18,FALSE,,,,,,,,,,,,,,,,,,,,,,,,,
1.23965E+18,FALSE,,,,,,,,,,,,,,,,,,,,,,,,,
1.24286E+18,partially false,,,,,,,,,,,,,,,,,,,,,,,,,
1.24102E+18,FALSE,,,,,,,,,,,,,,,,,,,,,,,,,
1.2419E+18,FALSE,,,,,,,,,,,,,,,,,,,,,,,,,
1.24021E+18,FALSE,,,,,,,,,,,,,,,,,,,,,,,,,
9.34641E+17,FALSE,,,,,,,,,,,,,,,,,,,,,,,,,
1.24273E+18,FALSE,,,,,,,,,,,,,,,,,,,,,,,,,
1.24024E+18,partially false,,,,,,,,,,,,,,,,,,,,,,,,,
1.24084E+18,FALSE,,,,,,,,,,,,,,,,,,,,,,,,,
1.24322E+18,partially false,,,,,,,,,,,,,,,,,,,,,,,,,
1.24111E+18,FALSE,,,,,,,,,,,,,,,,,,,,,,,,,
1.24188E+18,FALSE,,,,,,,,,,,,,,,,,,,,,,,,,
1.24183E+18,FALSE,,,,,,,,,,,,,,,,,,,,,,,,,
9.33796E+17,FALSE,,,,,,,,,,,,,,,,,,,,,,,,,
6.1598E+17,FALSE,,,,,,,,,,,,,,,,,,,,,,,,,
1.29572E+18,partially false,,,,,,,,,,,,,,,,,,,,,,,,,
1.24235E+18,FALSE,,,,,,,,,,,,,,,,,,,,,,,,,
1.24356E+18,FALSE,,,,,,,,,,,,,,,,,,,,,,,,,
1.23882E+18,FALSE,,,,,,,,,,,,,,,,,,,,,,,,,
1.18661E+18,FALSE,,,,,,,,,,,,,,,,,,,,,,,,,
1.24236E+18,FALSE,,,,,,,,,,,,,,,,,,,,,,,,,
1.28392E+18,FALSE,,,,,,,,,,,,,,,,,,,,,,,,,
1.2432E+18,FALSE,,,,,,,,,,,,,,,,,,,,,,,,,
1.24034E+18,FALSE,,,,,,,,,,,,,,,,,,,,,,,,,
1.24275E+18,FALSE,,,,,,,,,,,,,,,,,,,,,,,,,
1.2423E+18,FALSE,,,,,,,,,,,,,,,,,,,,,,,,,
1.24036E+18,partially false,,,,,,,,,,,,,,,,,,,,,,,,,
1.24323E+18,FALSE,,,,,,,,,,,,,,,,,,,,,,,,,
1.27134E+18,partially false,,,,,,,,,,,,,,,,,,,,,,,,,
9.34535E+17,FALSE,,,,,,,,,,,,,,,,,,,,,,,,,
1.24131E+18,FALSE,,,,,,,,,,,,,,,,,,,,,,,,,
1.23984E+18,FALSE,,,,,,,,,,,,,,,,,,,,,,,,,
1.24212E+18,FALSE,,,,,,,,,,,,,,,,,,,,,,,,,
1.23797E+18,FALSE,,,,,,,,,,,,,,,,,,,,,,,,,
1.24171E+18,FALSE,,,,,,,,,,,,,,,,,,,,,,,,,
1.24037E+18,FALSE,,,,,,,,,,,,,,,,,,,,,,,,,
1.23588E+18,partially false,,,,,,,,,,,,,,,,,,,,,,,,,
1.23971E+18,FALSE,,,,,,,,,,,,,,,,,,,,,,,,,
1.24076E+18,partially false,,,,,,,,,,,,,,,,,,,,,,,,,
1.24212E+18,FALSE,,,,,,,,,,,,,,,,,,,,,,,,,
1.24142E+18,FALSE,,,,,,,,,,,,,,,,,,,,,,,,,
1.24159E+18,partially false,,,,,,,,,,,,,,,,,,,,,,,,,
1.24147E+18,FALSE,,,,,,,,,,,,,,,,,,,,,,,,,
1.24131E+18,FALSE,,,,,,,,,,,,,,,,,,,,,,,,,
1.24174E+18,partially false,,,,,,,,,,,,,,,,,,,,,,,,,
1.24054E+18,FALSE,,,,,,,,,,,,,,,,,,,,,,,,,
1.24231E+18,FALSE,,,,,,,,,,,,,,,,,,,,,,,,,
1.24272E+18,FALSE,,,,,,,,,,,,,,,,,,,,,,,,,
1.23811E+18,FALSE,,,,,,,,,,,,,,,,,,,,,,,,,
1.22251E+18,FALSE,,,,,,,,,,,,,,,,,,,,,,,,,
1.24151E+18,FALSE,,,,,,,,,,,,,,,,,,,,,,,,,
1.24123E+18,partially false,,,,,,,,,,,,,,,,,,,,,,,,,
1.24057E+18,FALSE,,,,,,,,,,,,,,,,,,,,,,,,,
1.24001E+18,FALSE,,,,,,,,,,,,,,,,,,,,,,,,,
7.19965E+17,FALSE,,,,,,,,,,,,,,,,,,,,,,,,,
1.24174E+18,FALSE,,,,,,,,,,,,,,,,,,,,,,,,,
1.23989E+18,FALSE,,,,,,,,,,,,,,,,,,,,,,,,,
1.23914E+18,FALSE,,,,,,,,,,,,,,,,,,,,,,,,,
1.24243E+18,FALSE,,,,,,,,,,,,,,,,,,,,,,,,,
1.24343E+18,FALSE,,,,,,,,,,,,,,,,,,,,,,,,,
1.24234E+18,partially false,,,,,,,,,,,,,,,,,,,,,,,,,
1.24024E+18,FALSE,,,,,,,,,,,,,,,,,,,,,,,,,
1.24125E+18,FALSE,,,,,,,,,,,,,,,,,,,,,,,,,
1.24475E+18,FALSE,,,,,,,,,,,,,,,,,,,,,,,,,
1.24034E+18,FALSE,,,,,,,,,,,,,,,,,,,,,,,,,
1.23373E+18,FALSE,,,,,,,,,,,,,,,,,,,,,,,,,
1.24172E+18,partially false,,,,,,,,,,,,,,,,,,,,,,,,,
1.22739E+18,partially false,,,,,,,,,,,,,,,,,,,,,,,,,
1.24225E+18,FALSE,,,,,,,,,,,,,,,,,,,,,,,,,
1.24346E+18,FALSE,,,,,,,,,,,,,,,,,,,,,,,,,
1.23237E+18,partially false,,,,,,,,,,,,,,,,,,,,,,,,,
1.24173E+18,FALSE,,,,,,,,,,,,,,,,,,,,,,,,,
1.24096E+18,FALSE,,,,,,,,,,,,,,,,,,,,,,,,,
1.23486E+18,FALSE,,,,,,,,,,,,,,,,,,,,,,,,,
1.24083E+18,FALSE,,,,,,,,,,,,,,,,,,,,,,,,,
1.24058E+18,FALSE,,,,,,,,,,,,,,,,,,,,,,,,,
1.23848E+18,FALSE,,,,,,,,,,,,,,,,,,,,,,,,,
1.2367E+18,partially false,,,,,,,,,,,,,,,,,,,,,,,,,
1.24156E+18,FALSE,,,,,,,,,,,,,,,,,,,,,,,,,
1.24154E+18,FALSE,,,,,,,,,,,,,,,,,,,,,,,,,
1.2402E+18,FALSE,,,,,,,,,,,,,,,,,,,,,,,,,
1.24092E+18,partially false,,,,,,,,,,,,,,,,,,,,,,,,,
1.24027E+18,FALSE,,,,,,,,,,,,,,,,,,,,,,,,,
1.23709E+18,FALSE,,,,,,,,,,,,,,,,,,,,,,,,,
1.24023E+18,FALSE,,,,,,,,,,,,,,,,,,,,,,,,,
1.23966E+18,partially false,,,,,,,,,,,,,,,,,,,,,,,,,
1.24177E+18,FALSE,,,,,,,,,,,,,,,,,,,,,,,,,
1.24168E+18,FALSE,,,,,,,,,,,,,,,,,,,,,,,,,
1.24173E+18,FALSE,,,,,,,,,,,,,,,,,,,,,,,,,
1.24109E+18,FALSE,,,,,,,,,,,,,,,,,,,,,,,,,
1.23958E+18,FALSE,,,,,,,,,,,,,,,,,,,,,,,,,
1.23697E+18,FALSE,,,,,,,,,,,,,,,,,,,,,,,,,
1.24216E+18,FALSE,,,,,,,,,,,,,,,,,,,,,,,,,
1.2402E+18,FALSE,,,,,,,,,,,,,,,,,,,,,,,,,
1.24173E+18,partially false,,,,,,,,,,,,,,,,,,,,,,,,,
1.23984E+18,FALSE,,,,,,,,,,,,,,,,,,,,,,,,,
1.24215E+18,partially false,,,,,,,,,,,,,,,,,,,,,,,,,
1.07579E+18,FALSE,,,,,,,,,,,,,,,,,,,,,,,,,
1.2416E+18,FALSE,,,,,,,,,,,,,,,,,,,,,,,,,
1.24209E+18,FALSE,,,,,,,,,,,,,,,,,,,,,,,,,
1.24459E+18,FALSE,,,,,,,,,,,,,,,,,,,,,,,,,
1.23833E+18,FALSE,,,,,,,,,,,,,,,,,,,,,,,,,
1.24139E+18,FALSE,,,,,,,,,,,,,,,,,,,,,,,,,
1.23916E+18,partially false,,,,,,,,,,,,,,,,,,,,,,,,,
1.24187E+18,FALSE,,,,,,,,,,,,,,,,,,,,,,,,,
1.24015E+18,FALSE,,,,,,,,,,,,,,,,,,,,,,,,,
1.24035E+18,partially false,,,,,,,,,,,,,,,,,,,,,,,,,
1.24137E+18,FALSE,,,,,,,,,,,,,,,,,,,,,,,,,
1.23811E+18,partially false,,,,,,,,,,,,,,,,,,,,,,,,,
1.24501E+18,partially false,,,,,,,,,,,,,,,,,,,,,,,,,
1.24211E+18,FALSE,,,,,,,,,,,,,,,,,,,,,,,,,
1.2417E+18,FALSE,,,,,,,,,,,,,,,,,,,,,,,,,
1.23878E+18,FALSE,,,,,,,,,,,,,,,,,,,,,,,,,
1.24065E+18,FALSE,,,,,,,,,,,,,,,,,,,,,,,,,
1.24215E+18,partially false,,,,,,,,,,,,,,,,,,,,,,,,,
1.24171E+18,partially false,,,,,,,,,,,,,,,,,,,,,,,,,
1.24346E+18,FALSE,,,,,,,,,,,,,,,,,,,,,,,,,
1.24067E+18,unproven,,,,,,,,,,,,,,,,,,,,,,,,,
1.24136E+18,FALSE,,,,,,,,,,,,,,,,,,,,,,,,,
1.24074E+18,FALSE,,,,,,,,,,,,,,,,,,,,,,,,,
1.23898E+18,FALSE,,,,,,,,,,,,,,,,,,,,,,,,,
1.23917E+18,FALSE,,,,,,,,,,,,,,,,,,,,,,,,,
1.24036E+18,FALSE,,,,,,,,,,,,,,,,,,,,,,,,,
1.23953E+18,FALSE,,,,,,,,,,,,,,,,,,,,,,,,,
1.23851E+18,FALSE,,,,,,,,,,,,,,,,,,,,,,,,,
1.23798E+18,FALSE,,,,,,,,,,,,,,,,,,,,,,,,,
1.24204E+18,FALSE,,,,,,,,,,,,,,,,,,,,,,,,,
1.27693E+18,partially false,,,,,,,,,,,,,,,,,,,,,,,,,
1.22596E+18,FALSE,,,,,,,,,,,,,,,,,,,,,,,,,
1.24151E+18,FALSE,,,,,,,,,,,,,,,,,,,,,,,,,
1.23914E+18,FALSE,,,,,,,,,,,,,,,,,,,,,,,,,
1.27357E+18,partially false,,,,,,,,,,,,,,,,,,,,,,,,,
1.23712E+18,FALSE,,,,,,,,,,,,,,,,,,,,,,,,,
1.23935E+18,FALSE,,,,,,,,,,,,,,,,,,,,,,,,,
1.23987E+18,partially false,,,,,,,,,,,,,,,,,,,,,,,,,
1.23998E+18,FALSE,,,,,,,,,,,,,,,,,,,,,,,,,
1.25603E+18,partially false,,,,,,,,,,,,,,,,,,,,,,,,,
1.2385E+18,FALSE,,,,,,,,,,,,,,,,,,,,,,,,,
1.24027E+18,FALSE,,,,,,,,,,,,,,,,,,,,,,,,,
1.2399E+18,FALSE,,,,,,,,,,,,,,,,,,,,,,,,,
1.23206E+18,FALSE,,,,,,,,,,,,,,,,,,,,,,,,,
1.23888E+18,FALSE,,,,,,,,,,,,,,,,,,,,,,,,,
1.23951E+18,FALSE,,,,,,,,,,,,,,,,,,,,,,,,,
1.24081E+18,FALSE,,,,,,,,,,,,,,,,,,,,,,,,,
1.27369E+18,partially false,,,,,,,,,,,,,,,,,,,,,,,,,
1.23915E+18,FALSE,,,,,,,,,,,,,,,,,,,,,,,,,
1.23871E+18,partially false,,,,,,,,,,,,,,,,,,,,,,,,,
1.23907E+18,FALSE,,,,,,,,,,,,,,,,,,,,,,,,,
1.24025E+18,FALSE,,,,,,,,,,,,,,,,,,,,,,,,,
1.23948E+18,FALSE,,,,,,,,,,,,,,,,,,,,,,,,,
1.2385E+18,FALSE,,,,,,,,,,,,,,,,,,,,,,,,,
1.24068E+18,partially false,,,,,,,,,,,,,,,,,,,,,,,,,
1.24129E+18,FALSE,,,,,,,,,,,,,,,,,,,,,,,,,
1.24058E+18,FALSE,,,,,,,,,,,,,,,,,,,,,,,,,
1.23948E+18,FALSE,,,,,,,,,,,,,,,,,,,,,,,,,
1.23846E+18,partially false,,,,,,,,,,,,,,,,,,,,,,,,,
1.23993E+18,FALSE,,,,,,,,,,,,,,,,,,,,,,,,,
1.24065E+18,unproven,,,,,,,,,,,,,,,,,,,,,,,,,
1.2388E+18,FALSE,,,,,,,,,,,,,,,,,,,,,,,,,
1.23972E+18,FALSE,,,,,,,,,,,,,,,,,,,,,,,,,
1.23708E+18,partially false,,,,,,,,,,,,,,,,,,,,,,,,,
1.24082E+18,FALSE,,,,,,,,,,,,,,,,,,,,,,,,,
1.23878E+18,FALSE,,,,,,,,,,,,,,,,,,,,,,,,,
1.24E+18,FALSE,,,,,,,,,,,,,,,,,,,,,,,,,
1.23967E+18,FALSE,,,,,,,,,,,,,,,,,,,,,,,,,
1.24145E+18,FALSE,,,,,,,,,,,,,,,,,,,,,,,,,
1.23925E+18,FALSE,,,,,,,,,,,,,,,,,,,,,,,,,
1.24083E+18,FALSE,,,,,,,,,,,,,,,,,,,,,,,,,
1.24023E+18,FALSE,,,,,,,,,,,,,,,,,,,,,,,,,
1.2391E+18,FALSE,,,,,,,,,,,,,,,,,,,,,,,,,
1.23898E+18,FALSE,,,,,,,,,,,,,,,,,,,,,,,,,
9.97448E+17,FALSE,,,,,,,,,,,,,,,,,,,,,,,,,
1.23958E+18,FALSE,,,,,,,,,,,,,,,,,,,,,,,,,
1.24166E+18,FALSE,,,,,,,,,,,,,,,,,,,,,,,,,
1.24062E+18,FALSE,,,,,,,,,,,,,,,,,,,,,,,,,
1.23973E+18,FALSE,,,,,,,,,,,,,,,,,,,,,,,,,
1.24053E+18,FALSE,,,,,,,,,,,,,,,,,,,,,,,,,
1.2389E+18,FALSE,,,,,,,,,,,,,,,,,,,,,,,,,
1.241E+18,FALSE,,,,,,,,,,,,,,,,,,,,,,,,,
1.23989E+18,partially false,,,,,,,,,,,,,,,,,,,,,,,,,
1.24433E+18,FALSE,,,,,,,,,,,,,,,,,,,,,,,,,
1.2384E+18,FALSE,,,,,,,,,,,,,,,,,,,,,,,,,
1.28229E+18,partially false,,,,,,,,,,,,,,,,,,,,,,,,,
1.23921E+18,FALSE,,,,,,,,,,,,,,,,,,,,,,,,,
1.23832E+18,FALSE,,,,,,,,,,,,,,,,,,,,,,,,,
1.2395E+18,partially false,,,,,,,,,,,,,,,,,,,,,,,,,
1.24156E+18,FALSE,,,,,,,,,,,,,,,,,,,,,,,,,
1.2395E+18,FALSE,,,,,,,,,,,,,,,,,,,,,,,,,
1.23957E+18,FALSE,,,,,,,,,,,,,,,,,,,,,,,,,
1.23955E+18,FALSE,,,,,,,,,,,,,,,,,,,,,,,,,
1.23992E+18,FALSE,,,,,,,,,,,,,,,,,,,,,,,,,
1.26914E+18,partially false,,,,,,,,,,,,,,,,,,,,,,,,,
1.23706E+18,partially false,,,,,,,,,,,,,,,,,,,,,,,,,
1.23312E+18,FALSE,,,,,,,,,,,,,,,,,,,,,,,,,
1.23993E+18,FALSE,,,,,,,,,,,,,,,,,,,,,,,,,
1.24019E+18,FALSE,,,,,,,,,,,,,,,,,,,,,,,,,
1.23959E+18,FALSE,,,,,,,,,,,,,,,,,,,,,,,,,
1.24041E+18,unproven,,,,,,,,,,,,,,,,,,,,,,,,,
1.23827E+18,FALSE,,,,,,,,,,,,,,,,,,,,,,,,,
1.2348E+18,FALSE,,,,,,,,,,,,,,,,,,,,,,,,,
1.24095E+18,FALSE,,,,,,,,,,,,,,,,,,,,,,,,,
1.23961E+18,FALSE,,,,,,,,,,,,,,,,,,,,,,,,,
1.24018E+18,FALSE,,,,,,,,,,,,,,,,,,,,,,,,,
1.23963E+18,FALSE,,,,,,,,,,,,,,,,,,,,,,,,,
1.27394E+18,partially false,,,,,,,,,,,,,,,,,,,,,,,,,
1.24001E+18,FALSE,,,,,,,,,,,,,,,,,,,,,,,,,
1.2396E+18,FALSE,,,,,,,,,,,,,,,,,,,,,,,,,
1.2398E+18,FALSE,,,,,,,,,,,,,,,,,,,,,,,,,
1.235E+18,FALSE,,,,,,,,,,,,,,,,,,,,,,,,,
1.24175E+18,FALSE,,,,,,,,,,,,,,,,,,,,,,,,,
1.2405E+18,FALSE,,,,,,,,,,,,,,,,,,,,,,,,,
1.24034E+18,FALSE,,,,,,,,,,,,,,,,,,,,,,,,,
1.23187E+18,FALSE,,,,,,,,,,,,,,,,,,,,,,,,,
1.22585E+18,FALSE,,,,,,,,,,,,,,,,,,,,,,,,,
1.23082E+18,FALSE,,,,,,,,,,,,,,,,,,,,,,,,,
1.24267E+18,FALSE,,,,,,,,,,,,,,,,,,,,,,,,,
1.23844E+18,FALSE,,,,,,,,,,,,,,,,,,,,,,,,,
1.23795E+18,FALSE,,,,,,,,,,,,,,,,,,,,,,,,,
1.23598E+18,partially false,,,,,,,,,,,,,,,,,,,,,,,,,
1.18486E+18,FALSE,,,,,,,,,,,,,,,,,,,,,,,,,
1.24098E+18,FALSE,,,,,,,,,,,,,,,,,,,,,,,,,
1.23896E+18,FALSE,,,,,,,,,,,,,,,,,,,,,,,,,
1.23954E+18,FALSE,,,,,,,,,,,,,,,,,,,,,,,,,
1.23998E+18,FALSE,,,,,,,,,,,,,,,,,,,,,,,,,
1.23814E+18,FALSE,,,,,,,,,,,,,,,,,,,,,,,,,
1.23844E+18,FALSE,,,,,,,,,,,,,,,,,,,,,,,,,
1.23567E+18,FALSE,,,,,,,,,,,,,,,,,,,,,,,,,
1.23819E+18,FALSE,,,,,,,,,,,,,,,,,,,,,,,,,
1.27156E+18,FALSE,,,,,,,,,,,,,,,,,,,,,,,,,
1.22007E+18,FALSE,,,,,,,,,,,,,,,,,,,,,,,,,
1.23948E+18,partially false,,,,,,,,,,,,,,,,,,,,,,,,,
1.23952E+18,FALSE,,,,,,,,,,,,,,,,,,,,,,,,,
1.27162E+18,FALSE,,,,,,,,,,,,,,,,,,,,,,,,,
1.23814E+18,FALSE,,,,,,,,,,,,,,,,,,,,,,,,,
1.23579E+18,FALSE,,,,,,,,,,,,,,,,,,,,,,,,,
1.24022E+18,FALSE,,,,,,,,,,,,,,,,,,,,,,,,,
1.23707E+18,FALSE,,,,,,,,,,,,,,,,,,,,,,,,,
1.23925E+18,FALSE,,,,,,,,,,,,,,,,,,,,,,,,,
1.23776E+18,FALSE,,,,,,,,,,,,,,,,,,,,,,,,,
1.23917E+18,FALSE,,,,,,,,,,,,,,,,,,,,,,,,,
1.29568E+18,FALSE,,,,,,,,,,,,,,,,,,,,,,,,,
1.23783E+18,partially false,,,,,,,,,,,,,,,,,,,,,,,,,
1.24782E+18,partially false,,,,,,,,,,,,,,,,,,,,,,,,,
1.23829E+18,partially false,,,,,,,,,,,,,,,,,,,,,,,,,
1.23883E+18,FALSE,,,,,,,,,,,,,,,,,,,,,,,,,
1.23822E+18,FALSE,,,,,,,,,,,,,,,,,,,,,,,,,
1.23823E+18,FALSE,,,,,,,,,,,,,,,,,,,,,,,,,
1.23791E+18,FALSE,,,,,,,,,,,,,,,,,,,,,,,,,
1.2064E+18,FALSE,,,,,,,,,,,,,,,,,,,,,,,,,
1.23904E+18,FALSE,,,,,,,,,,,,,,,,,,,,,,,,,
1.23808E+18,FALSE,,,,,,,,,,,,,,,,,,,,,,,,,
1.29643E+18,FALSE,,,,,,,,,,,,,,,,,,,,,,,,,
1.23925E+18,FALSE,,,,,,,,,,,,,,,,,,,,,,,,,
1.23924E+18,FALSE,,,,,,,,,,,,,,,,,,,,,,,,,
1.2301E+18,FALSE,,,,,,,,,,,,,,,,,,,,,,,,,
1.16783E+18,FALSE,,,,,,,,,,,,,,,,,,,,,,,,,
1.28264E+18,FALSE,,,,,,,,,,,,,,,,,,,,,,,,,
1.27722E+18,FALSE,,,,,,,,,,,,,,,,,,,,,,,,,
1.23813E+18,partially false,,,,,,,,,,,,,,,,,,,,,,,,,
1.23844E+18,FALSE,,,,,,,,,,,,,,,,,,,,,,,,,
1.2304E+18,FALSE,,,,,,,,,,,,,,,,,,,,,,,,,
1.23183E+18,FALSE,,,,,,,,,,,,,,,,,,,,,,,,,
1.23966E+18,FALSE,,,,,,,,,,,,,,,,,,,,,,,,,
1.26706E+18,partially false,,,,,,,,,,,,,,,,,,,,,,,,,
1.23259E+18,FALSE,,,,,,,,,,,,,,,,,,,,,,,,,
1.29585E+18,FALSE,,,,,,,,,,,,,,,,,,,,,,,,,
1.2384E+18,partially false,,,,,,,,,,,,,,,,,,,,,,,,,
1.24064E+18,partially false,,,,,,,,,,,,,,,,,,,,,,,,,
1.28156E+18,FALSE,,,,,,,,,,,,,,,,,,,,,,,,,
1.24036E+18,partially false,,,,,,,,,,,,,,,,,,,,,,,,,
1.27722E+18,FALSE,,,,,,,,,,,,,,,,,,,,,,,,,
1.2383E+18,partially false,,,,,,,,,,,,,,,,,,,,,,,,,
1.23042E+18,FALSE,,,,,,,,,,,,,,,,,,,,,,,,,
1.23792E+18,partially false,,,,,,,,,,,,,,,,,,,,,,,,,
1.23939E+18,FALSE,,,,,,,,,,,,,,,,,,,,,,,,,
9.51118E+17,partially false,,,,,,,,,,,,,,,,,,,,,,,,,
1.23854E+18,FALSE,,,,,,,,,,,,,,,,,,,,,,,,,
1.23014E+18,FALSE,,,,,,,,,,,,,,,,,,,,,,,,,
1.22523E+18,FALSE,,,,,,,,,,,,,,,,,,,,,,,,,
1.23884E+18,FALSE,,,,,,,,,,,,,,,,,,,,,,,,,
1.26053E+18,FALSE,,,,,,,,,,,,,,,,,,,,,,,,,
1.2406E+18,FALSE,,,,,,,,,,,,,,,,,,,,,,,,,
1.23043E+18,FALSE,,,,,,,,,,,,,,,,,,,,,,,,,
1.23739E+18,FALSE,,,,,,,,,,,,,,,,,,,,,,,,,
1.2384E+18,FALSE,,,,,,,,,,,,,,,,,,,,,,,,,
1.23871E+18,FALSE,,,,,,,,,,,,,,,,,,,,,,,,,
5.63148E+17,FALSE,,,,,,,,,,,,,,,,,,,,,,,,,
1.23705E+18,partially false,,,,,,,,,,,,,,,,,,,,,,,,,
1.2392E+18,FALSE,,,,,,,,,,,,,,,,,,,,,,,,,
1.23238E+18,FALSE,,,,,,,,,,,,,,,,,,,,,,,,,
1.23928E+18,FALSE,,,,,,,,,,,,,,,,,,,,,,,,,
1.23804E+18,FALSE,,,,,,,,,,,,,,,,,,,,,,,,,
1.23337E+18,FALSE,,,,,,,,,,,,,,,,,,,,,,,,,
1.23923E+18,FALSE,,,,,,,,,,,,,,,,,,,,,,,,,
1.23243E+18,FALSE,,,,,,,,,,,,,,,,,,,,,,,,,
1.23928E+18,FALSE,,,,,,,,,,,,,,,,,,,,,,,,,
1.23026E+18,FALSE,,,,,,,,,,,,,,,,,,,,,,,,,
1.23934E+18,FALSE,,,,,,,,,,,,,,,,,,,,,,,,,
1.23978E+18,partially false,,,,,,,,,,,,,,,,,,,,,,,,,
1.23153E+18,FALSE,,,,,,,,,,,,,,,,,,,,,,,,,
1.2396E+18,FALSE,,,,,,,,,,,,,,,,,,,,,,,,,
1.23953E+18,FALSE,,,,,,,,,,,,,,,,,,,,,,,,,
1.24751E+18,partially false,,,,,,,,,,,,,,,,,,,,,,,,,
1.24584E+18,FALSE,,,,,,,,,,,,,,,,,,,,,,,,,
1.23896E+18,FALSE,,,,,,,,,,,,,,,,,,,,,,,,,
1.23146E+18,FALSE,,,,,,,,,,,,,,,,,,,,,,,,,
1.23486E+18,partially false,,,,,,,,,,,,,,,,,,,,,,,,,
1.23957E+18,partially false,,,,,,,,,,,,,,,,,,,,,,,,,
1.23799E+18,FALSE,,,,,,,,,,,,,,,,,,,,,,,,,
1.23911E+18,FALSE,,,,,,,,,,,,,,,,,,,,,,,,,
1.23922E+18,partially false,,,,,,,,,,,,,,,,,,,,,,,,,
1.23563E+18,FALSE,,,,,,,,,,,,,,,,,,,,,,,,,
1.2251E+18,FALSE,,,,,,,,,,,,,,,,,,,,,,,,,
1.23774E+18,FALSE,,,,,,,,,,,,,,,,,,,,,,,,,
1.23707E+18,FALSE,,,,,,,,,,,,,,,,,,,,,,,,,
1.23805E+18,FALSE,,,,,,,,,,,,,,,,,,,,,,,,,
1.22524E+18,FALSE,,,,,,,,,,,,,,,,,,,,,,,,,
1.23552E+18,FALSE,,,,,,,,,,,,,,,,,,,,,,,,,
1.22518E+18,FALSE,,,,,,,,,,,,,,,,,,,,,,,,,
1.20046E+18,FALSE,,,,,,,,,,,,,,,,,,,,,,,,,
1.23734E+18,FALSE,,,,,,,,,,,,,,,,,,,,,,,,,
1.23546E+18,partially false,,,,,,,,,,,,,,,,,,,,,,,,,
1.23382E+18,FALSE,,,,,,,,,,,,,,,,,,,,,,,,,
1.23807E+18,FALSE,,,,,,,,,,,,,,,,,,,,,,,,,
1.23213E+18,FALSE,,,,,,,,,,,,,,,,,,,,,,,,,
1.2363E+18,FALSE,,,,,,,,,,,,,,,,,,,,,,,,,
1.2367E+18,FALSE,,,,,,,,,,,,,,,,,,,,,,,,,
1.23457E+18,FALSE,,,,,,,,,,,,,,,,,,,,,,,,,
1.22277E+18,FALSE,,,,,,,,,,,,,,,,,,,,,,,,,
1.23446E+18,FALSE,,,,,,,,,,,,,,,,,,,,,,,,,
1.23681E+18,FALSE,,,,,,,,,,,,,,,,,,,,,,,,,
1.23714E+18,FALSE,,,,,,,,,,,,,,,,,,,,,,,,,
1.23773E+18,FALSE,,,,,,,,,,,,,,,,,,,,,,,,,
1.22519E+18,FALSE,,,,,,,,,,,,,,,,,,,,,,,,,
1.23729E+18,FALSE,,,,,,,,,,,,,,,,,,,,,,,,,
1.23945E+18,partially false,,,,,,,,,,,,,,,,,,,,,,,,,
1.23682E+18,partially false,,,,,,,,,,,,,,,,,,,,,,,,,
1.23306E+18,FALSE,,,,,,,,,,,,,,,,,,,,,,,,,
1.22519E+18,FALSE,,,,,,,,,,,,,,,,,,,,,,,,,
1.23737E+18,FALSE,,,,,,,,,,,,,,,,,,,,,,,,,
1.23445E+18,FALSE,,,,,,,,,,,,,,,,,,,,,,,,,
1.23445E+18,FALSE,,,,,,,,,,,,,,,,,,,,,,,,,
1.23773E+18,FALSE,,,,,,,,,,,,,,,,,,,,,,,,,
1.23638E+18,FALSE,,,,,,,,,,,,,,,,,,,,,,,,,
1.23767E+18,FALSE,,,,,,,,,,,,,,,,,,,,,,,,,
1.2373E+18,FALSE,,,,,,,,,,,,,,,,,,,,,,,,,
1.23351E+18,FALSE,,,,,,,,,,,,,,,,,,,,,,,,,
1.23532E+18,FALSE,,,,,,,,,,,,,,,,,,,,,,,,,
1.23516E+18,FALSE,,,,,,,,,,,,,,,,,,,,,,,,,
1.2337E+18,FALSE,,,,,,,,,,,,,,,,,,,,,,,,,
1.23499E+18,FALSE,,,,,,,,,,,,,,,,,,,,,,,,,
1.23739E+18,FALSE,,,,,,,,,,,,,,,,,,,,,,,,,
1.3005E+18,FALSE,,,,,,,,,,,,,,,,,,,,,,,,,
5.13491E+17,partially false,,,,,,,,,,,,,,,,,,,,,,,,,
1.22518E+18,FALSE,,,,,,,,,,,,,,,,,,,,,,,,,
1.23743E+18,FALSE,,,,,,,,,,,,,,,,,,,,,,,,,
1.23376E+18,FALSE,,,,,,,,,,,,,,,,,,,,,,,,,
1.23595E+18,FALSE,,,,,,,,,,,,,,,,,,,,,,,,,
1.23446E+18,FALSE,,,,,,,,,,,,,,,,,,,,,,,,,
1.23638E+18,FALSE,,,,,,,,,,,,,,,,,,,,,,,,,
1.23508E+18,FALSE,,,,,,,,,,,,,,,,,,,,,,,,,
1.23708E+18,FALSE,,,,,,,,,,,,,,,,,,,,,,,,,
1.23629E+18,FALSE,,,,,,,,,,,,,,,,,,,,,,,,,
1.22599E+18,FALSE,,,,,,,,,,,,,,,,,,,,,,,,,
1.23243E+18,FALSE,,,,,,,,,,,,,,,,,,,,,,,,,
1.23517E+18,FALSE,,,,,,,,,,,,,,,,,,,,,,,,,
1.23539E+18,FALSE,,,,,,,,,,,,,,,,,,,,,,,,,
1.23735E+18,FALSE,,,,,,,,,,,,,,,,,,,,,,,,,
1.23729E+18,FALSE,,,,,,,,,,,,,,,,,,,,,,,,,
1.23822E+18,FALSE,,,,,,,,,,,,,,,,,,,,,,,,,
1.23224E+18,others,,,,,,,,,,,,,,,,,,,,,,,,,
1.23751E+18,FALSE,,,,,,,,,,,,,,,,,,,,,,,,,
1.23647E+18,FALSE,,,,,,,,,,,,,,,,,,,,,,,,,
1.2349E+18,FALSE,,,,,,,,,,,,,,,,,,,,,,,,,
1.23804E+18,FALSE,,,,,,,,,,,,,,,,,,,,,,,,,
1.23727E+18,FALSE,,,,,,,,,,,,,,,,,,,,,,,,,
1.23749E+18,FALSE,,,,,,,,,,,,,,,,,,,,,,,,,
1.23536E+18,FALSE,,,,,,,,,,,,,,,,,,,,,,,,,
1.23238E+18,FALSE,,,,,,,,,,,,,,,,,,,,,,,,,
1.22133E+18,FALSE,,,,,,,,,,,,,,,,,,,,,,,,,
1.23713E+18,FALSE,,,,,,,,,,,,,,,,,,,,,,,,,
1.23767E+18,FALSE,,,,,,,,,,,,,,,,,,,,,,,,,
1.23562E+18,FALSE,,,,,,,,,,,,,,,,,,,,,,,,,
1.23738E+18,FALSE,,,,,,,,,,,,,,,,,,,,,,,,,
1.23521E+18,FALSE,,,,,,,,,,,,,,,,,,,,,,,,,
1.23717E+18,FALSE,,,,,,,,,,,,,,,,,,,,,,,,,
1.2371E+18,FALSE,,,,,,,,,,,,,,,,,,,,,,,,,
1.23042E+18,FALSE,,,,,,,,,,,,,,,,,,,,,,,,,
1.23683E+18,FALSE,,,,,,,,,,,,,,,,,,,,,,,,,
1.23734E+18,FALSE,,,,,,,,,,,,,,,,,,,,,,,,,
1.23742E+18,FALSE,,,,,,,,,,,,,,,,,,,,,,,,,
1.23772E+18,FALSE,,,,,,,,,,,,,,,,,,,,,,,,,
1.23564E+18,partially false,,,,,,,,,,,,,,,,,,,,,,,,,
1.23106E+18,FALSE,,,,,,,,,,,,,,,,,,,,,,,,,
1.23444E+18,FALSE,,,,,,,,,,,,,,,,,,,,,,,,,
1.23563E+18,FALSE,,,,,,,,,,,,,,,,,,,,,,,,,
1.23587E+18,FALSE,,,,,,,,,,,,,,,,,,,,,,,,,
1.23807E+18,FALSE,,,,,,,,,,,,,,,,,,,,,,,,,
1.23853E+18,FALSE,,,,,,,,,,,,,,,,,,,,,,,,,
1.23212E+18,FALSE,,,,,,,,,,,,,,,,,,,,,,,,,
1.30002E+18,FALSE,,,,,,,,,,,,,,,,,,,,,,,,,
1.23773E+18,FALSE,,,,,,,,,,,,,,,,,,,,,,,,,
1.23702E+18,FALSE,,,,,,,,,,,,,,,,,,,,,,,,,
1.23637E+18,FALSE,,,,,,,,,,,,,,,,,,,,,,,,,
1.25532E+18,FALSE,,,,,,,,,,,,,,,,,,,,,,,,,
1.22226E+18,others,,,,,,,,,,,,,,,,,,,,,,,,,
1.2252E+18,FALSE,,,,,,,,,,,,,,,,,,,,,,,,,
1.21964E+18,FALSE,,,,,,,,,,,,,,,,,,,,,,,,,
1.2233E+18,FALSE,,,,,,,,,,,,,,,,,,,,,,,,,
1.22421E+18,FALSE,,,,,,,,,,,,,,,,,,,,,,,,,
1.22038E+18,FALSE,,,,,,,,,,,,,,,,,,,,,,,,,
1.22743E+18,partially false,,,,,,,,,,,,,,,,,,,,,,,,,
1.23453E+18,partially false,,,,,,,,,,,,,,,,,,,,,,,,,
1.22291E+18,FALSE,,,,,,,,,,,,,,,,,,,,,,,,,
1.25386E+18,FALSE,,,,,,,,,,,,,,,,,,,,,,,,,
1.22523E+18,FALSE,,,,,,,,,,,,,,,,,,,,,,,,,
1.24508E+18,FALSE,,,,,,,,,,,,,,,,,,,,,,,,,
1.22706E+18,partially false,,,,,,,,,,,,,,,,,,,,,,,,,
1.23464E+18,FALSE,,,,,,,,,,,,,,,,,,,,,,,,,
1.22159E+18,others,,,,,,,,,,,,,,,,,,,,,,,,,
1.22267E+18,FALSE,,,,,,,,,,,,,,,,,,,,,,,,,
1.2212E+18,others,,,,,,,,,,,,,,,,,,,,,,,,,
1.22296E+18,others,,,,,,,,,,,,,,,,,,,,,,,,,
1.22334E+18,FALSE,,,,,,,,,,,,,,,,,,,,,,,,,
1.24802E+18,FALSE,,,,,,,,,,,,,,,,,,,,,,,,,
1.22643E+18,FALSE,,,,,,,,,,,,,,,,,,,,,,,,,
1.22004E+18,FALSE,,,,,,,,,,,,,,,,,,,,,,,,,
1.22334E+18,partially false,,,,,,,,,,,,,,,,,,,,,,,,,
1.27671E+18,FALSE,,,,,,,,,,,,,,,,,,,,,,,,,
1.25493E+18,FALSE,,,,,,,,,,,,,,,,,,,,,,,,,
1.22254E+18,partially false,,,,,,,,,,,,,,,,,,,,,,,,,
1.22208E+18,FALSE,,,,,,,,,,,,,,,,,,,,,,,,,
1.23256E+18,partially false,,,,,,,,,,,,,,,,,,,,,,,,,
1.22247E+18,FALSE,,,,,,,,,,,,,,,,,,,,,,,,,
1.22312E+18,FALSE,,,,,,,,,,,,,,,,,,,,,,,,,
1.22278E+18,FALSE,,,,,,,,,,,,,,,,,,,,,,,,,
1.2252E+18,FALSE,,,,,,,,,,,,,,,,,,,,,,,,,
1.23457E+18,FALSE,,,,,,,,,,,,,,,,,,,,,,,,,
1.27896E+18,FALSE,,,,,,,,,,,,,,,,,,,,,,,,,
1.20753E+18,FALSE,,,,,,,,,,,,,,,,,,,,,,,,,
1.2236E+18,FALSE,,,,,,,,,,,,,,,,,,,,,,,,,
1.00659E+18,FALSE,,,,,,,,,,,,,,,,,,,,,,,,,
1.24566E+18,FALSE,,,,,,,,,,,,,,,,,,,,,,,,,
1.29609E+18,FALSE,,,,,,,,,,,,,,,,,,,,,,,,,
1.22581E+18,partially false,,,,,,,,,,,,,,,,,,,,,,,,,
1.28266E+18,FALSE,,,,,,,,,,,,,,,,,,,,,,,,,
1.23233E+18,FALSE,,,,,,,,,,,,,,,,,,,,,,,,,
1.2211E+18,FALSE,,,,,,,,,,,,,,,,,,,,,,,,,
1.22177E+18,FALSE,,,,,,,,,,,,,,,,,,,,,,,,,
1.22521E+18,FALSE,,,,,,,,,,,,,,,,,,,,,,,,,
1.22479E+18,others,,,,,,,,,,,,,,,,,,,,,,,,,
1.22522E+18,FALSE,,,,,,,,,,,,,,,,,,,,,,,,,
1.224E+18,partially false,,,,,,,,,,,,,,,,,,,,,,,,,
1.22759E+18,partially false,,,,,,,,,,,,,,,,,,,,,,,,,
1.22297E+18,others,,,,,,,,,,,,,,,,,,,,,,,,,
1.24651E+18,FALSE,,,,,,,,,,,,,,,,,,,,,,,,,
1.22065E+18,others,,,,,,,,,,,,,,,,,,,,,,,,,
1.21986E+18,FALSE,,,,,,,,,,,,,,,,,,,,,,,,,
1.2244E+18,FALSE,,,,,,,,,,,,,,,,,,,,,,,,,
1.22399E+18,FALSE,,,,,,,,,,,,,,,,,,,,,,,,,
1.22639E+18,FALSE,,,,,,,,,,,,,,,,,,,,,,,,,
1.23448E+18,partially false,,,,,,,,,,,,,,,,,,,,,,,,,
1.24585E+18,FALSE,,,,,,,,,,,,,,,,,,,,,,,,,
1.24446E+18,FALSE,,,,,,,,,,,,,,,,,,,,,,,,,
1.22034E+18,FALSE,,,,,,,,,,,,,,,,,,,,,,,,,
1.22297E+18,others,,,,,,,,,,,,,,,,,,,,,,,,,
1.22508E+18,FALSE,,,,,,,,,,,,,,,,,,,,,,,,,
1.22005E+18,others,,,,,,,,,,,,,,,,,,,,,,,,,
1.22515E+18,partially false,,,,,,,,,,,,,,,,,,,,,,,,,
1.29501E+18,FALSE,,,,,,,,,,,,,,,,,,,,,,,,,
1.07885E+18,FALSE,,,,,,,,,,,,,,,,,,,,,,,,,
1.22189E+18,FALSE,,,,,,,,,,,,,,,,,,,,,,,,,
1.2236E+18,FALSE,,,,,,,,,,,,,,,,,,,,,,,,,
1.22079E+18,others,,,,,,,,,,,,,,,,,,,,,,,,,
1.22502E+18,FALSE,,,,,,,,,,,,,,,,,,,,,,,,,
1.22214E+18,FALSE,,,,,,,,,,,,,,,,,,,,,,,,,
1.2248E+18,FALSE,,,,,,,,,,,,,,,,,,,,,,,,,
1.22037E+18,FALSE,,,,,,,,,,,,,,,,,,,,,,,,,
1.22518E+18,FALSE,,,,,,,,,,,,,,,,,,,,,,,,,
1.22332E+18,FALSE,,,,,,,,,,,,,,,,,,,,,,,,,
1.2345E+18,FALSE,,,,,,,,,,,,,,,,,,,,,,,,,
1.22628E+18,FALSE,,,,,,,,,,,,,,,,,,,,,,,,,
1.22247E+18,FALSE,,,,,,,,,,,,,,,,,,,,,,,,,
1.22663E+18,others,,,,,,,,,,,,,,,,,,,,,,,,,
1.22278E+18,FALSE,,,,,,,,,,,,,,,,,,,,,,,,,
1.22218E+18,FALSE,,,,,,,,,,,,,,,,,,,,,,,,,
1.2251E+18,FALSE,,,,,,,,,,,,,,,,,,,,,,,,,
1.21352E+18,FALSE,,,,,,,,,,,,,,,,,,,,,,,,,
1.27954E+18,FALSE,,,,,,,,,,,,,,,,,,,,,,,,,
1.2198E+18,FALSE,,,,,,,,,,,,,,,,,,,,,,,,,
1.2784E+18,FALSE,,,,,,,,,,,,,,,,,,,,,,,,,
1.2212E+18,others,,,,,,,,,,,,,,,,,,,,,,,,,
1.22402E+18,FALSE,,,,,,,,,,,,,,,,,,,,,,,,,
1.22548E+18,FALSE,,,,,,,,,,,,,,,,,,,,,,,,,
1.22042E+18,others,,,,,,,,,,,,,,,,,,,,,,,,,
1.22325E+18,FALSE,,,,,,,,,,,,,,,,,,,,,,,,,
1.22407E+18,FALSE,,,,,,,,,,,,,,,,,,,,,,,,,
1.23205E+18,TRUE,,,,,,,,,,,,,,,,,,,,,,,,,
1.256E+18,FALSE,,,,,,,,,,,,,,,,,,,,,,,,,
1.22573E+18,unproven,,,,,,,,,,,,,,,,,,,,,,,,,
1.22107E+18,FALSE,,,,,,,,,,,,,,,,,,,,,,,,,
1.23605E+18,partially false,,,,,,,,,,,,,,,,,,,,,,,,,
1.22137E+18,partially false,,,,,,,,,,,,,,,,,,,,,,,,,
1.248E+18,partially false,,,,,,,,,,,,,,,,,,,,,,,,,
1.2274E+18,partially false,,,,,,,,,,,,,,,,,,,,,,,,,
1.23819E+18,FALSE,,,,,,,,,,,,,,,,,,,,,,,,,
1.22364E+18,TRUE,,,,,,,,,,,,,,,,,,,,,,,,,
1.22965E+18,partially false,,,,,,,,,,,,,,,,,,,,,,,,,
1.23205E+18,TRUE,,,,,,,,,,,,,,,,,,,,,,,,,
1.25131E+18,partially false,,,,,,,,,,,,,,,,,,,,,,,,,
1.26351E+18,TRUE,,,,,,,,,,,,,,,,,,,,,,,,,
1.25779E+18,TRUE,,,,,,,,,,,,,,,,,,,,,,,,,
1.22008E+18,unproven,,,,,,,,,,,,,,,,,,,,,,,,,
1.2394E+18,FALSE,,,,,,,,,,,,,,,,,,,,,,,,,
1.27713E+18,FALSE,,,,,,,,,,,,,,,,,,,,,,,,,
1.26001E+18,FALSE,,,,,,,,,,,,,,,,,,,,,,,,,
1.23698E+18,TRUE,,,,,,,,,,,,,,,,,,,,,,,,,
1.22066E+18,partially false,,,,,,,,,,,,,,,,,,,,,,,,,
1.23249E+18,partially false,,,,,,,,,,,,,,,,,,,,,,,,,
1.24687E+18,partially false,,,,,,,,,,,,,,,,,,,,,,,,,
1.22067E+18,FALSE,,,,,,,,,,,,,,,,,,,,,,,,,
1.2502E+18,TRUE,,,,,,,,,,,,,,,,,,,,,,,,,
1.22008E+18,unproven,,,,,,,,,,,,,,,,,,,,,,,,,
1.24032E+18,FALSE,,,,,,,,,,,,,,,,,,,,,,,,,
1.24473E+18,TRUE,,,,,,,,,,,,,,,,,,,,,,,,,
1.22971E+18,FALSE,,,,,,,,,,,,,,,,,,,,,,,,,
1.23644E+18,TRUE,,,,,,,,,,,,,,,,,,,,,,,,,
1.2407E+18,TRUE,,,,,,,,,,,,,,,,,,,,,,,,,
1.23352E+18,partially false,,,,,,,,,,,,,,,,,,,,,,,,,
1.24273E+18,partially false,,,,,,,,,,,,,,,,,,,,,,,,,
1.22035E+18,FALSE,,,,,,,,,,,,,,,,,,,,,,,,,
1.22178E+18,partially false,,,,,,,,,,,,,,,,,,,,,,,,,
1.23764E+18,FALSE,,,,,,,,,,,,,,,,,,,,,,,,,
1.22036E+18,FALSE,,,,,,,,,,,,,,,,,,,,,,,,,
1.22036E+18,FALSE,,,,,,,,,,,,,,,,,,,,,,,,,
1.2741E+18,FALSE,,,,,,,,,,,,,,,,,,,,,,,,,
1.29499E+18,FALSE,,,,,,,,,,,,,,,,,,,,,,,,,
1.23356E+18,partially false,,,,,,,,,,,,,,,,,,,,,,,,,
1.27352E+18,FALSE,,,,,,,,,,,,,,,,,,,,,,,,,
1.22113E+18,partially false,,,,,,,,,,,,,,,,,,,,,,,,,
1.23055E+18,partially false,,,,,,,,,,,,,,,,,,,,,,,,,
1.25159E+18,partially false,,,,,,,,,,,,,,,,,,,,,,,,,
1.22659E+18,partially false,,,,,,,,,,,,,,,,,,,,,,,,,
9.81168E+17,partially false,,,,,,,,,,,,,,,,,,,,,,,,,
1.2205E+18,FALSE,,,,,,,,,,,,,,,,,,,,,,,,,
1.26366E+18,TRUE,,,,,,,,,,,,,,,,,,,,,,,,,
1.24307E+18,partially false,,,,,,,,,,,,,,,,,,,,,,,,,
1.2469E+18,others,,,,,,,,,,,,,,,,,,,,,,,,,
1.24574E+18,TRUE,,,,,,,,,,,,,,,,,,,,,,,,,
5.27111E+17,TRUE,,,,,,,,,,,,,,,,,,,,,,,,,
1.24318E+18,FALSE,,,,,,,,,,,,,,,,,,,,,,,,,
1.03699E+18,others,,,,,,,,,,,,,,,,,,,,,,,,,
1.23445E+18,FALSE,,,,,,,,,,,,,,,,,,,,,,,,,
1.22185E+18,FALSE,,,,,,,,,,,,,,,,,,,,,,,,,
1.247E+18,others,,,,,,,,,,,,,,,,,,,,,,,,,
1.24868E+18,others,,,,,,,,,,,,,,,,,,,,,,,,,
1.2289E+18,partially false,,,,,,,,,,,,,,,,,,,,,,,,,
1.22722E+18,partially false,,,,,,,,,,,,,,,,,,,,,,,,,
1.25778E+18,TRUE,,,,,,,,,,,,,,,,,,,,,,,,,
1.23693E+18,TRUE,,,,,,,,,,,,,,,,,,,,,,,,,
1.23663E+18,partially false,,,,,,,,,,,,,,,,,,,,,,,,,
1.24041E+18,FALSE,,,,,,,,,,,,,,,,,,,,,,,,,
1.29334E+18,FALSE,,,,,,,,,,,,,,,,,,,,,,,,,
1.24532E+18,TRUE,,,,,,,,,,,,,,,,,,,,,,,,,
1.25644E+18,FALSE,,,,,,,,,,,,,,,,,,,,,,,,,
1.27816E+18,partially false,,,,,,,,,,,,,,,,,,,,,,,,,
1.27321E+18,FALSE,,,,,,,,,,,,,,,,,,,,,,,,,
1.22161E+18,FALSE,,,,,,,,,,,,,,,,,,,,,,,,,
1.26091E+18,partially false,,,,,,,,,,,,,,,,,,,,,,,,,
1.22203E+18,FALSE,,,,,,,,,,,,,,,,,,,,,,,,,
3.98888E+17,unproven,,,,,,,,,,,,,,,,,,,,,,,,,
1.25158E+18,partially false,,,,,,,,,,,,,,,,,,,,,,,,,
1.23969E+18,others,,,,,,,,,,,,,,,,,,,,,,,,,
1.22978E+18,partially false,,,,,,,,,,,,,,,,,,,,,,,,,
1.27761E+18,unproven,,,,,,,,,,,,,,,,,,,,,,,,,
1.23557E+18,partially false,,,,,,,,,,,,,,,,,,,,,,,,,
1.22089E+18,FALSE,,,,,,,,,,,,,,,,,,,,,,,,,
1.2229E+18,FALSE,,,,,,,,,,,,,,,,,,,,,,,,,
1.22107E+18,partially false,,,,,,,,,,,,,,,,,,,,,,,,,
1.22179E+18,partially false,,,,,,,,,,,,,,,,,,,,,,,,,
1.22732E+18,partially false,,,,,,,,,,,,,,,,,,,,,,,,,
1.22201E+18,FALSE,,,,,,,,,,,,,,,,,,,,,,,,,
1.22155E+18,FALSE,,,,,,,,,,,,,,,,,,,,,,,,,
1.22477E+18,TRUE,,,,,,,,,,,,,,,,,,,,,,,,,
1.24253E+18,partially false,,,,,,,,,,,,,,,,,,,,,,,,,
1.24643E+18,partially false,,,,,,,,,,,,,,,,,,,,,,,,,
1.22107E+18,partially false,,,,,,,,,,,,,,,,,,,,,,,,,
1.25023E+18,TRUE,,,,,,,,,,,,,,,,,,,,,,,,,
1.24865E+18,partially false,,,,,,,,,,,,,,,,,,,,,,,,,
1.24058E+18,others,,,,,,,,,,,,,,,,,,,,,,,,,
1.24586E+18,TRUE,,,,,,,,,,,,,,,,,,,,,,,,,
1.22802E+18,partially false,,,,,,,,,,,,,,,,,,,,,,,,,
1.24012E+18,FALSE,,,,,,,,,,,,,,,,,,,,,,,,,
1.24067E+18,others,,,,,,,,,,,,,,,,,,,,,,,,,
1.24041E+18,TRUE,,,,,,,,,,,,,,,,,,,,,,,,,
1.24038E+18,TRUE,,,,,,,,,,,,,,,,,,,,,,,,,
1.23492E+18,FALSE,,,,,,,,,,,,,,,,,,,,,,,,,
1.2389E+18,partially false,,,,,,,,,,,,,,,,,,,,,,,,,
1.26061E+18,partially false,,,,,,,,,,,,,,,,,,,,,,,,,
1.24474E+18,TRUE,,,,,,,,,,,,,,,,,,,,,,,,,
1.23841E+18,TRUE,,,,,,,,,,,,,,,,,,,,,,,,,
1.26279E+18,partially false,,,,,,,,,,,,,,,,,,,,,,,,,
1.24314E+18,partially false,,,,,,,,,,,,,,,,,,,,,,,,,
1.23927E+18,others,,,,,,,,,,,,,,,,,,,,,,,,,
1.23986E+18,partially false,,,,,,,,,,,,,,,,,,,,,,,,,
1.00339E+18,partially false,,,,,,,,,,,,,,,,,,,,,,,,,
1.24104E+18,FALSE,,,,,,,,,,,,,,,,,,,,,,,,,
1.25287E+18,TRUE,,,,,,,,,,,,,,,,,,,,,,,,,
1.24152E+18,partially false,,,,,,,,,,,,,,,,,,,,,,,,,
1.25489E+18,FALSE,,,,,,,,,,,,,,,,,,,,,,,,,
1.24586E+18,TRUE,,,,,,,,,,,,,,,,,,,,,,,,,
1.22062E+18,unproven,,,,,,,,,,,,,,,,,,,,,,,,,
1.25235E+18,TRUE,,,,,,,,,,,,,,,,,,,,,,,,,
1.24067E+18,TRUE,,,,,,,,,,,,,,,,,,,,,,,,,
1.25302E+18,TRUE,,,,,,,,,,,,,,,,,,,,,,,,,
1.23553E+18,partially false,,,,,,,,,,,,,,,,,,,,,,,,,
1.24538E+18,partially false,,,,,,,,,,,,,,,,,,,,,,,,,
1.26046E+18,partially false,,,,,,,,,,,,,,,,,,,,,,,,,
1.25241E+18,TRUE,,,,,,,,,,,,,,,,,,,,,,,,,
1.23493E+18,FALSE,,,,,,,,,,,,,,,,,,,,,,,,,
1.25995E+18,partially false,,,,,,,,,,,,,,,,,,,,,,,,,
1.25656E+18,unproven,,,,,,,,,,,,,,,,,,,,,,,,,
1.24194E+18,TRUE,,,,,,,,,,,,,,,,,,,,,,,,,
1.24759E+18,FALSE,,,,,,,,,,,,,,,,,,,,,,,,,
1.26195E+18,FALSE,,,,,,,,,,,,,,,,,,,,,,,,,
1.24037E+18,others,,,,,,,,,,,,,,,,,,,,,,,,,
1.24376E+18,FALSE,,,,,,,,,,,,,,,,,,,,,,,,,
1.24972E+18,partially false,,,,,,,,,,,,,,,,,,,,,,,,,
1.2461E+18,partially false,,,,,,,,,,,,,,,,,,,,,,,,,
1.24054E+18,TRUE,,,,,,,,,,,,,,,,,,,,,,,,,
1.25276E+18,partially false,,,,,,,,,,,,,,,,,,,,,,,,,
1.25185E+18,partially false,,,,,,,,,,,,,,,,,,,,,,,,,
1.23746E+18,FALSE,,,,,,,,,,,,,,,,,,,,,,,,,
1.25353E+18,TRUE,,,,,,,,,,,,,,,,,,,,,,,,,
1.23877E+18,FALSE,,,,,,,,,,,,,,,,,,,,,,,,,
1.23896E+18,others,,,,,,,,,,,,,,,,,,,,,,,,,
1.26472E+18,TRUE,,,,,,,,,,,,,,,,,,,,,,,,,
1.24599E+18,partially false,,,,,,,,,,,,,,,,,,,,,,,,,
1.24193E+18,TRUE,,,,,,,,,,,,,,,,,,,,,,,,,
1.23959E+18,others,,,,,,,,,,,,,,,,,,,,,,,,,
1.23562E+18,FALSE,,,,,,,,,,,,,,,,,,,,,,,,,
1.2435E+18,partially false,,,,,,,,,,,,,,,,,,,,,,,,,
1.2267E+18,others,,,,,,,,,,,,,,,,,,,,,,,,,
1.25012E+18,partially false,,,,,,,,,,,,,,,,,,,,,,,,,
1.26044E+18,partially false,,,,,,,,,,,,,,,,,,,,,,,,,
1.24837E+18,partially false,,,,,,,,,,,,,,,,,,,,,,,,,
1.23966E+18,others,,,,,,,,,,,,,,,,,,,,,,,,,
1.24122E+18,others,,,,,,,,,,,,,,,,,,,,,,,,,
1.24607E+18,partially false,,,,,,,,,,,,,,,,,,,,,,,,,
1.24478E+18,TRUE,,,,,,,,,,,,,,,,,,,,,,,,,
1.24611E+18,TRUE,,,,,,,,,,,,,,,,,,,,,,,,,
1.24634E+18,others,,,,,,,,,,,,,,,,,,,,,,,,,
1.25302E+18,TRUE,,,,,,,,,,,,,,,,,,,,,,,,,
1.24242E+18,TRUE,,,,,,,,,,,,,,,,,,,,,,,,,
1.24535E+18,others,,,,,,,,,,,,,,,,,,,,,,,,,
1.23962E+18,FALSE,,,,,,,,,,,,,,,,,,,,,,,,,
1.21726E+18,FALSE,,,,,,,,,,,,,,,,,,,,,,,,,
1.24308E+18,partially false,,,,,,,,,,,,,,,,,,,,,,,,,
1.27663E+18,TRUE,,,,,,,,,,,,,,,,,,,,,,,,,
1.24042E+18,TRUE,,,,,,,,,,,,,,,,,,,,,,,,,
1.24008E+18,FALSE,,,,,,,,,,,,,,,,,,,,,,,,,
1.25435E+18,partially false,,,,,,,,,,,,,,,,,,,,,,,,,
1.24846E+18,partially false,,,,,,,,,,,,,,,,,,,,,,,,,
1.23822E+18,FALSE,,,,,,,,,,,,,,,,,,,,,,,,,
1.22038E+18,unproven,,,,,,,,,,,,,,,,,,,,,,,,,
1.25267E+18,partially false,,,,,,,,,,,,,,,,,,,,,,,,,
